iter,epoch,loss_joints_train,loss_depth_train,loss_uv_train
1,1,0.183727,1.730669,0.138182
2,1,0.188297,1.874987,0.124930
3,1,0.188943,2.326147,0.105202
4,1,0.203476,1.416622,0.169865
5,1,0.189192,2.046525,0.091539
6,1,0.190961,2.036170,0.121789
7,1,0.187126,2.000947,0.103088
8,1,0.181423,1.808598,0.123685
9,1,0.184188,1.736772,0.205123
10,1,0.176447,2.187383,0.080202
11,1,0.175904,1.789314,0.198121
12,1,0.180671,1.596559,0.160350
13,1,0.172572,2.029191,0.165960
14,1,0.162401,1.757918,0.108097
15,1,0.186166,2.367944,0.059017
16,1,0.179031,2.329568,0.154380
17,1,0.172137,1.420450,0.067063
18,1,0.166442,1.702891,0.131655
19,1,0.163338,1.683228,0.139176
20,1,0.177135,1.659819,0.152864
21,1,0.173248,1.414578,0.105243
22,1,0.167334,1.955947,0.137121
23,1,0.192255,1.924902,0.127373
24,1,0.179058,1.747220,0.046346
25,1,0.178715,1.616666,0.172593
26,1,0.169259,1.475121,0.108420
27,1,0.166992,1.906830,0.139245
28,1,0.183629,1.504972,0.225189
29,1,0.161547,1.632187,0.119125
30,1,0.177367,1.929516,0.089875
31,1,0.186227,1.717214,0.116776
32,1,0.174139,1.792627,0.135093
33,1,0.173690,1.436382,0.062594
34,1,0.165577,1.653950,0.115655
35,1,0.175983,1.421696,0.135872
36,1,0.179389,1.787522,0.149083
37,1,0.179576,1.277621,0.124418
38,1,0.185656,1.516650,0.129017
39,1,0.192237,1.380903,0.090336
40,1,0.156400,1.664332,0.068772
41,1,0.173417,1.463017,0.285185
42,1,0.158659,1.752223,0.132073
43,1,0.167116,1.298782,0.221833
44,1,0.175137,1.287832,0.135015
45,1,0.167592,1.387434,0.091755
46,1,0.179243,1.395791,0.200968
47,1,0.170895,1.320051,0.096874
48,1,0.157951,1.517299,0.072721
49,1,0.158004,1.333135,0.183374
50,1,0.166690,1.325819,0.057587
51,1,0.164426,1.204762,0.178732
52,1,0.153015,1.161077,0.079950
53,1,0.182844,1.150628,0.149517
54,1,0.158199,1.329418,0.082254
55,1,0.165913,1.121910,0.105997
56,1,0.154969,1.264158,0.162604
57,1,0.168695,1.072863,0.111837
58,1,0.156289,1.423505,0.168115
59,1,0.162439,1.528856,0.149442
60,1,0.161999,0.968996,0.087623
61,1,0.163144,1.170704,0.162406
62,1,0.149360,1.493457,0.072800
63,1,0.170307,1.382785,0.188837
64,1,0.154174,1.040627,0.114714
65,1,0.155164,1.385746,0.092535
66,1,0.149983,1.107276,0.073812
67,1,0.153186,1.201565,0.079781
68,1,0.148071,1.070836,0.077109
69,1,0.157719,1.100740,0.161904
70,1,0.167180,1.233229,0.180478
71,1,0.158158,1.097930,0.184327
72,1,0.165420,1.146446,0.119594
73,1,0.172610,0.849310,0.155724
74,1,0.153228,0.974467,0.089586
75,1,0.149767,0.904812,0.242876
76,1,0.155899,0.760444,0.106181
77,1,0.159958,0.999555,0.145296
78,1,0.173364,0.942754,0.154322
79,1,0.153596,0.814241,0.090510
80,1,0.148869,1.086025,0.078024
81,1,0.145085,0.886023,0.068706
82,1,0.150883,1.266600,0.097454
83,1,0.152975,0.752957,0.204671
84,1,0.141398,0.965773,0.139462
85,1,0.149590,0.771016,0.056785
86,1,0.144658,1.032795,0.071811
87,1,0.142649,0.856817,0.091768
88,1,0.161023,0.863049,0.108645
89,1,0.154334,0.594173,0.070703
90,1,0.157111,0.980455,0.141951
91,1,0.158375,0.775158,0.098446
92,1,0.148355,0.689536,0.145668
93,1,0.156625,0.575901,0.057742
94,1,0.157683,0.669993,0.190649
95,1,0.148161,1.046308,0.087200
96,1,0.150363,0.907121,0.157306
97,1,0.145069,0.528260,0.152579
98,1,0.154064,0.739568,0.103763
99,1,0.140428,0.569516,0.168707
100,1,0.148501,0.354835,0.157078
101,1,0.154607,0.685836,0.077374
102,1,0.141936,0.790756,0.077748
103,1,0.170212,0.974765,0.064594
104,1,0.143449,0.821515,0.073651
105,1,0.141626,0.695647,0.079455
106,1,0.127444,0.417131,0.113907
107,1,0.137555,0.669206,0.092240
108,1,0.155214,0.781134,0.102920
109,1,0.147481,0.617705,0.086785
110,1,0.151292,0.765926,0.111528
111,1,0.140370,0.655864,0.077106
112,1,0.140283,0.631546,0.102844
113,1,0.181773,0.676145,0.082318
114,1,0.142198,0.605337,0.100030
115,1,0.159141,0.488986,0.085120
116,1,0.139543,0.723158,0.133892
117,1,0.154601,0.311509,0.128528
118,1,0.145912,0.484069,0.185355
119,1,0.162340,0.681385,0.231182
120,1,0.147840,0.485820,0.067479
121,1,0.136653,0.622180,0.228126
122,1,0.140685,0.837391,0.107991
123,1,0.141003,0.793145,0.052965
124,1,0.141454,0.438396,0.142195
125,1,0.152477,0.570712,0.089740
126,1,0.149991,0.681342,0.058887
127,1,0.137129,0.818346,0.138985
128,1,0.140624,0.408272,0.094782
129,1,0.131900,0.314493,0.113656
130,1,0.128541,0.417576,0.116628
131,1,0.131388,0.371243,0.069353
132,1,0.160552,0.358148,0.122157
133,1,0.146682,0.439745,0.135821
134,1,0.134289,0.450376,0.122908
135,1,0.148773,0.540883,0.148611
136,1,0.131968,0.668651,0.081363
137,1,0.143965,0.620452,0.099828
138,1,0.134902,0.344016,0.075540
139,1,0.129052,0.274030,0.105284
140,1,0.120676,0.165847,0.143079
141,1,0.139357,0.486248,0.109221
142,1,0.141563,0.445920,0.192613
143,1,0.122468,0.184181,0.079348
144,1,0.152132,0.453088,0.262199
145,1,0.133766,0.412729,0.103938
146,1,0.143439,0.292646,0.137504
147,1,0.135734,0.243742,0.108385
148,1,0.120053,0.476627,0.147853
149,1,0.125962,0.309612,0.066628
150,1,0.127319,0.209760,0.188081
151,1,0.120250,0.274380,0.191815
152,1,0.136682,0.372592,0.095038
153,1,0.116554,0.235467,0.069072
154,1,0.144957,0.127629,0.154534
155,1,0.134811,0.189112,0.037453
156,1,0.107729,0.282318,0.146588
157,1,0.121908,0.275563,0.101354
158,1,0.132033,0.265633,0.188063
159,1,0.124280,0.376825,0.249196
160,1,0.129824,0.408675,0.083511
161,1,0.121414,0.409799,0.135756
162,1,0.117853,0.234663,0.098707
163,1,0.111044,0.418876,0.120403
164,1,0.114904,0.166796,0.074508
165,1,0.121471,0.207830,0.103734
166,1,0.129013,0.411675,0.097732
167,1,0.120027,0.378434,0.153758
168,1,0.120521,0.328370,0.180326
169,1,0.121355,0.258032,0.046358
170,1,0.113943,0.136451,0.101322
171,1,0.125901,0.273025,0.189468
172,1,0.133093,0.272756,0.134723
173,1,0.118671,0.122469,0.095388
174,1,0.125576,0.195433,0.204616
175,1,0.100369,0.201654,0.084298
176,1,0.104882,0.047091,0.136731
177,1,0.115724,0.349955,0.082595
178,1,0.117987,0.306407,0.064951
179,1,0.119104,0.440134,0.169992
180,1,0.128794,0.206941,0.128340
181,1,0.121880,0.182406,0.077853
182,1,0.099052,0.278698,0.049902
183,1,0.100467,0.212580,0.183644
184,1,0.112104,0.379150,0.074998
185,1,0.113961,0.264710,0.120276
186,1,0.108472,0.146546,0.108371
187,1,0.106402,0.332139,0.128762
188,1,0.111351,0.305395,0.153128
189,1,0.109069,0.509887,0.165778
190,1,0.119989,0.610753,0.105952
191,1,0.119130,0.316432,0.101854
192,1,0.148695,0.192725,0.138130
193,1,0.109938,0.223259,0.086012
194,1,0.129083,0.420989,0.151688
195,1,0.109148,0.379264,0.119472
196,1,0.098235,0.401348,0.122247
197,1,0.139612,0.115547,0.240667
198,1,0.098504,0.225570,0.069822
199,1,0.108665,0.428216,0.176325
200,1,0.115469,0.540298,0.118367
201,1,0.116312,0.394497,0.076677
202,1,0.127196,0.499428,0.135720
203,1,0.096063,0.333521,0.128360
204,1,0.130724,0.255803,0.180087
205,1,0.128757,0.361593,0.102039
206,1,0.122453,0.375904,0.256185
207,1,0.116360,0.282462,0.100333
208,1,0.119304,0.570026,0.220653
209,1,0.114834,0.409561,0.111388
210,1,0.095023,0.587460,0.104289
211,1,0.109596,0.348165,0.169656
212,1,0.103784,0.512074,0.042357
213,1,0.094378,0.366599,0.098142
214,1,0.112311,0.134186,0.156519
215,1,0.107556,0.338239,0.107271
216,1,0.108255,0.361442,0.116493
217,1,0.112339,0.352008,0.180206
218,1,0.100571,0.532349,0.150208
219,1,0.124559,0.305383,0.141087
220,1,0.117066,0.351498,0.186005
221,1,0.109064,0.258592,0.078099
222,1,0.094518,0.410767,0.120114
223,1,0.112455,0.388867,0.118762
224,1,0.096801,0.373046,0.148680
225,1,0.090024,0.241731,0.108912
226,1,0.112338,0.184756,0.116924
227,1,0.103714,0.519444,0.121926
228,1,0.102716,0.412315,0.091568
229,1,0.094884,0.295372,0.117820
230,1,0.093018,0.487337,0.070280
231,1,0.114003,0.432490,0.190422
232,1,0.104415,0.313730,0.066074
233,1,0.105842,0.367627,0.104309
234,1,0.101995,0.244704,0.079332
235,1,0.105854,0.418741,0.094986
236,1,0.140618,0.371194,0.109450
237,1,0.095720,0.394444,0.160227
238,1,0.106191,0.189129,0.136841
239,1,0.098908,0.271714,0.076337
240,1,0.105584,0.262841,0.105677
241,1,0.101012,0.632407,0.117628
242,1,0.102495,0.285571,0.089925
243,1,0.099070,0.308616,0.117909
244,1,0.095154,0.180668,0.061874
245,1,0.082312,0.424364,0.068654
246,1,0.096429,0.615556,0.139129
247,1,0.099703,0.162102,0.104125
248,1,0.096763,0.176921,0.113592
249,1,0.107866,0.333952,0.075501
250,1,0.090736,0.262761,0.184314
251,1,0.090982,0.349604,0.154061
252,1,0.095150,0.104546,0.073675
253,1,0.098643,0.273887,0.128874
254,1,0.099056,0.374266,0.092418
255,1,0.116729,0.529119,0.120253
256,1,0.093882,0.329664,0.078088
257,1,0.112147,0.269610,0.101601
258,1,0.092985,0.185611,0.103400
259,1,0.110293,0.469259,0.068610
260,1,0.089786,0.363416,0.098632
261,1,0.094037,0.466583,0.136166
262,1,0.113041,0.675283,0.178582
263,1,0.096084,0.261003,0.147656
264,1,0.096713,0.240482,0.158381
265,1,0.090587,0.192581,0.155616
266,1,0.086679,0.227571,0.119336
267,1,0.088656,0.241255,0.160926
268,1,0.111853,0.376118,0.158830
269,1,0.094467,0.295756,0.219047
270,1,0.100731,0.394806,0.098471
271,1,0.096523,0.280681,0.131713
272,1,0.096581,0.126958,0.107861
273,1,0.095743,0.204548,0.098992
274,1,0.082057,0.185054,0.110618
275,1,0.083537,0.406884,0.113065
276,1,0.097920,0.276838,0.078593
277,1,0.101310,0.326011,0.171538
278,1,0.104239,0.310416,0.063769
279,1,0.097804,0.095429,0.066306
280,1,0.091000,0.357627,0.156147
281,1,0.082326,0.257260,0.097715
282,1,0.103787,0.448871,0.302411
283,1,0.078167,0.221301,0.147317
284,1,0.084650,0.228738,0.096689
285,1,0.101206,0.314538,0.109675
286,1,0.102341,0.241656,0.121707
287,1,0.096610,0.229276,0.137772
288,1,0.121380,0.399790,0.111878
289,1,0.104084,0.408790,0.131267
290,1,0.079875,0.200404,0.121073
291,1,0.104464,0.070767,0.044678
292,1,0.095485,0.373070,0.169732
293,1,0.094252,0.419869,0.115498
294,1,0.090133,0.259391,0.100598
295,1,0.101282,0.432180,0.192247
296,1,0.086914,0.260936,0.097889
297,1,0.092124,0.186589,0.072429
298,1,0.097731,0.382435,0.170165
299,1,0.117841,0.304369,0.115239
300,1,0.092399,0.344720,0.091248
301,1,0.089236,0.388044,0.060988
302,1,0.098434,0.348422,0.147791
303,1,0.103738,0.210996,0.144784
304,1,0.089313,0.277616,0.047172
305,1,0.095842,0.171352,0.180176
306,1,0.073581,0.353269,0.052721
307,1,0.086026,0.383239,0.158136
308,1,0.094831,0.089673,0.068162
309,1,0.076880,0.243650,0.171164
310,1,0.113953,0.548779,0.104030
311,1,0.080592,0.203037,0.103833
312,1,0.079902,0.425032,0.073004
313,1,0.117081,0.182175,0.126043
314,1,0.104909,0.427823,0.146554
315,1,0.091215,0.308383,0.122551
316,1,0.128809,0.553534,0.161428
317,1,0.090447,0.195318,0.114614
318,1,0.098229,0.486112,0.128916
319,1,0.119997,0.212353,0.215620
320,1,0.088891,0.443178,0.103654
321,1,0.089976,0.490340,0.134466
322,1,0.073632,0.150220,0.080188
323,1,0.089307,0.391658,0.093768
324,1,0.075343,0.082854,0.071540
325,1,0.097675,0.268144,0.167453
326,1,0.087692,0.392351,0.076853
327,1,0.063196,0.064887,0.115369
328,1,0.081636,0.456054,0.111462
329,1,0.103025,0.355325,0.134179
330,1,0.096747,0.180627,0.147524
331,1,0.092619,0.243006,0.094482
332,1,0.106188,0.495256,0.176112
333,1,0.081217,0.281925,0.056452
334,1,0.085955,0.200015,0.119470
335,1,0.080938,0.363409,0.128774
336,1,0.086961,0.357969,0.095642
337,1,0.079338,0.321111,0.122895
338,1,0.092642,0.391635,0.091365
339,1,0.075576,0.283106,0.107046
340,1,0.099889,0.201735,0.152423
341,1,0.079266,0.298316,0.102650
342,1,0.080713,0.199468,0.060343
343,1,0.092649,0.246377,0.176953
344,1,0.093930,0.347823,0.180468
345,1,0.068492,0.301769,0.085711
346,1,0.089484,0.215148,0.134020
347,1,0.080215,0.145940,0.111405
348,1,0.083024,0.267587,0.132547
349,1,0.078891,0.038944,0.113474
350,1,0.092639,0.205981,0.156796
351,1,0.080596,0.339499,0.082610
352,1,0.079651,0.416041,0.127668
353,1,0.095862,0.181064,0.156831
354,1,0.087210,0.307314,0.102220
355,1,0.071642,0.351604,0.090341
356,1,0.081146,0.291939,0.131182
357,1,0.068288,0.237880,0.108907
358,1,0.084133,0.146147,0.046547
359,1,0.096523,0.488851,0.098274
360,1,0.080103,0.236322,0.136669
361,1,0.082074,0.254935,0.113937
362,1,0.084558,0.080752,0.049274
363,1,0.079255,0.259328,0.130901
364,1,0.065857,0.358454,0.124279
365,1,0.094061,0.390760,0.138662
366,1,0.067702,0.266909,0.095454
367,1,0.078271,0.068060,0.163748
368,1,0.070394,0.279821,0.096858
369,1,0.086612,0.486890,0.111543
370,1,0.098956,0.264604,0.182405
371,1,0.070021,0.226230,0.112187
372,1,0.082270,0.279033,0.131546
373,1,0.080293,0.387512,0.095610
374,1,0.072870,0.358765,0.090931
375,1,0.082755,0.416307,0.062150
376,1,0.091041,0.139230,0.080566
377,1,0.076038,0.196192,0.113937
378,1,0.100063,0.502456,0.146345
379,1,0.099218,0.461506,0.117366
380,1,0.097211,0.358549,0.099654
381,1,0.074408,0.282214,0.078755
382,1,0.072406,0.367487,0.193615
383,1,0.130684,0.360570,0.203775
384,1,0.079549,0.270031,0.131106
385,1,0.089066,0.174527,0.109073
386,1,0.070710,0.507950,0.245498
387,1,0.061900,0.115966,0.107019
388,1,0.090674,0.245424,0.160164
389,1,0.091561,0.185236,0.147908
390,1,0.072497,0.209241,0.110736
391,1,0.092434,0.367646,0.199161
392,1,0.084623,0.179479,0.084462
393,1,0.096026,0.170143,0.087692
394,1,0.078811,0.526922,0.064208
395,1,0.066740,0.207394,0.085211
396,1,0.082212,0.176725,0.066262
397,1,0.132810,0.182186,0.100386
398,1,0.069948,0.259636,0.105530
399,1,0.088136,0.195370,0.066123
400,1,0.074666,0.282706,0.173586
401,1,0.083260,0.035710,0.062203
402,1,0.088830,0.219328,0.087056
403,1,0.096977,0.337101,0.117522
404,1,0.099740,0.210137,0.054935
405,1,0.098115,0.309572,0.109826
406,1,0.075165,0.370281,0.026953
407,1,0.083540,0.314017,0.039469
408,1,0.106231,0.353782,0.118000
409,1,0.078833,0.434107,0.125728
410,1,0.093869,0.209641,0.169271
411,1,0.082480,0.291594,0.204481
412,1,0.085368,0.310923,0.179405
413,1,0.085538,0.371843,0.147667
414,1,0.088521,0.296706,0.144969
415,1,0.089574,0.242154,0.077068
416,1,0.085309,0.390430,0.086782
417,1,0.083827,0.385183,0.142770
418,1,0.100277,0.222111,0.096554
419,1,0.082768,0.206524,0.094916
420,1,0.083593,0.171731,0.129920
421,1,0.103036,0.194478,0.135700
422,1,0.098281,0.257180,0.126058
423,1,0.083175,0.366918,0.134698
424,1,0.114793,0.238270,0.195337
425,1,0.092117,0.398216,0.091534
426,1,0.070287,0.312461,0.177606
427,1,0.086743,0.222745,0.084870
428,1,0.082335,0.331818,0.110216
429,1,0.071876,0.218355,0.118138
430,1,0.074856,0.581161,0.058322
431,1,0.116053,0.214207,0.090100
432,1,0.084200,0.233540,0.150521
433,1,0.067708,0.289568,0.103037
434,1,0.069843,0.394492,0.087543
435,1,0.111485,0.567028,0.211168
436,1,0.077306,0.289136,0.115641
437,1,0.081660,0.389959,0.115713
438,1,0.089937,0.201343,0.099978
439,1,0.096240,0.352830,0.120151
440,1,0.065368,0.173775,0.064122
441,1,0.085849,0.366356,0.100427
442,1,0.081166,0.501841,0.088896
443,1,0.110530,0.252904,0.232661
444,1,0.072127,0.134147,0.082044
445,1,0.072500,0.282139,0.104046
446,1,0.093121,0.191267,0.188692
447,1,0.075546,0.338439,0.104185
448,1,0.091515,0.399112,0.128233
449,1,0.085106,0.354554,0.100211
450,1,0.077861,0.245530,0.065012
451,1,0.074197,0.329099,0.132167
452,1,0.095415,0.185654,0.097784
453,1,0.100664,0.126011,0.172053
454,1,0.082869,0.269070,0.118509
455,1,0.085371,0.245419,0.125810
456,1,0.133243,0.241742,0.119704
457,1,0.073239,0.173449,0.086675
458,1,0.092228,0.270721,0.097693
459,1,0.085082,0.409807,0.149422
460,1,0.079855,0.234556,0.062252
461,1,0.097066,0.162513,0.190320
462,1,0.087104,0.063044,0.146634
463,1,0.084751,0.249131,0.103251
464,1,0.096758,0.244661,0.108020
465,1,0.076843,0.309405,0.063844
466,1,0.071546,0.371262,0.109501
467,1,0.099321,0.299495,0.229218
468,1,0.081253,0.296489,0.060608
469,1,0.094032,0.493377,0.187805
470,1,0.074854,0.343115,0.132183
471,1,0.072217,0.284049,0.066986
472,1,0.098223,0.159603,0.110805
473,1,0.099490,0.391066,0.114649
474,1,0.087840,0.277790,0.135348
475,1,0.101521,0.276725,0.117328
476,1,0.088065,0.312327,0.175199
477,1,0.072595,0.500506,0.106775
478,1,0.083593,0.322294,0.115677
479,1,0.102456,0.231148,0.101172
480,1,0.074080,0.271482,0.108914
481,1,0.073707,0.211116,0.085394
482,1,0.097227,0.305289,0.134779
483,1,0.087815,0.190813,0.063885
484,1,0.079345,0.309236,0.062355
485,1,0.096546,0.311348,0.231191
486,1,0.083999,0.379828,0.083676
487,1,0.087337,0.243949,0.123749
488,1,0.081646,0.220770,0.098918
489,1,0.088041,0.470563,0.125078
490,1,0.070640,0.303862,0.123754
491,1,0.093055,0.374533,0.163757
492,1,0.088086,0.319099,0.160600
493,1,0.082399,0.155320,0.040361
494,1,0.077356,0.303282,0.114745
495,1,0.098822,0.394191,0.106286
496,1,0.080679,0.331174,0.101278
497,1,0.082408,0.231576,0.096798
498,1,0.084383,0.200611,0.037443
499,1,0.076884,0.288002,0.160581
500,1,0.081677,0.222400,0.186773
501,1,0.080892,0.132434,0.111813
502,1,0.100953,0.461787,0.179515
503,1,0.102892,0.406306,0.159538
504,1,0.080119,0.353764,0.101722
505,1,0.083518,0.242247,0.200880
506,1,0.081890,0.364790,0.119516
507,1,0.096336,0.194102,0.028325
508,1,0.087344,0.221279,0.089407
509,1,0.086465,0.369491,0.108514
510,1,0.068882,0.264688,0.090017
511,1,0.064436,0.289698,0.203106
512,1,0.094567,0.475154,0.166084
513,1,0.094200,0.348343,0.181705
514,1,0.105918,0.171739,0.101413
515,1,0.080457,0.187325,0.136135
516,1,0.094239,0.284848,0.204123
517,1,0.078512,0.380221,0.133991
518,1,0.089078,0.463235,0.182521
519,1,0.073845,0.317490,0.149406
520,1,0.083973,0.460357,0.084129
521,1,0.103176,0.132168,0.094670
522,1,0.100487,0.207014,0.070292
523,1,0.079483,0.199957,0.113916
524,1,0.085328,0.211967,0.224540
525,1,0.084684,0.287140,0.186904
526,1,0.100670,0.177795,0.064575
527,1,0.090360,0.292597,0.214457
528,1,0.098015,0.263191,0.126028
529,1,0.101861,0.326081,0.077096
530,1,0.084767,0.265058,0.081346
531,1,0.090351,0.321587,0.105511
532,1,0.077952,0.230669,0.048744
533,1,0.076358,0.337600,0.066750
534,1,0.069731,0.547886,0.072475
535,1,0.097665,0.227282,0.128692
536,1,0.080148,0.360218,0.115697
537,1,0.060307,0.249126,0.075794
538,1,0.078264,0.153704,0.076809
539,1,0.083760,0.147358,0.070568
540,1,0.091889,0.476296,0.138825
541,1,0.096451,0.214075,0.134281
542,1,0.092898,0.207677,0.150949
543,1,0.092283,0.286741,0.049869
544,1,0.071714,0.470513,0.120998
545,1,0.083569,0.287345,0.101067
546,1,0.078067,0.477144,0.099408
547,1,0.100287,0.240714,0.151128
548,1,0.066160,0.428646,0.089948
549,1,0.075117,0.151161,0.098286
550,1,0.073329,0.181851,0.158634
551,1,0.094690,0.319252,0.100420
552,1,0.092787,0.308036,0.109823
553,1,0.067585,0.327407,0.081927
554,1,0.101725,0.290356,0.044404
555,1,0.093812,0.213359,0.162689
556,1,0.083242,0.240206,0.117685
557,1,0.089220,0.203352,0.105191
558,1,0.054238,0.348435,0.132588
559,1,0.072886,0.225769,0.080036
560,1,0.080212,0.180158,0.128641
561,1,0.098169,0.317618,0.071396
562,1,0.093988,0.391825,0.077939
563,1,0.093254,0.624287,0.133475
564,1,0.081645,0.512920,0.117239
565,1,0.074824,0.283415,0.122706
566,1,0.086839,0.193333,0.169608
567,1,0.087791,0.204453,0.074101
568,1,0.075118,0.303489,0.117736
569,1,0.094376,0.357651,0.087634
570,1,0.058084,0.090782,0.039631
571,1,0.090089,0.266183,0.074215
572,1,0.086536,0.323811,0.115829
573,1,0.094261,0.128341,0.078920
574,1,0.068613,0.122198,0.053075
575,1,0.092800,0.478530,0.071139
576,1,0.081446,0.403366,0.124856
577,1,0.076123,0.342039,0.082567
578,1,0.080994,0.241719,0.069353
579,1,0.084890,0.405282,0.078952
580,1,0.067752,0.195060,0.063771
581,1,0.076320,0.160485,0.135728
582,1,0.087543,0.378003,0.086404
583,1,0.083589,0.190538,0.083043
584,1,0.087354,0.352306,0.153759
585,1,0.092868,0.233062,0.072550
586,1,0.091282,0.093738,0.120983
587,1,0.075745,0.112073,0.087933
588,1,0.099934,0.265422,0.132812
589,1,0.096506,0.381954,0.145240
590,1,0.072491,0.379548,0.073159
591,1,0.091567,0.257329,0.039471
592,1,0.082920,0.336805,0.132230
593,1,0.082568,0.188430,0.187086
594,1,0.063025,0.280769,0.103218
595,1,0.090124,0.415536,0.082491
596,1,0.067875,0.357734,0.129873
597,1,0.064786,0.039941,0.150463
598,1,0.086714,0.253171,0.142533
599,1,0.091739,0.189411,0.214151
600,1,0.082647,0.133852,0.126129
601,1,0.100754,0.212661,0.244778
602,1,0.085308,0.210215,0.082086
603,1,0.093478,0.329120,0.109615
604,1,0.068162,0.247635,0.187932
605,1,0.086136,0.108577,0.095609
606,1,0.072574,0.140079,0.089621
607,1,0.084810,0.162413,0.108784
608,1,0.089093,0.288617,0.146948
609,1,0.074903,0.405537,0.063169
610,1,0.069025,0.103022,0.085610
611,1,0.079390,0.272792,0.104022
612,1,0.093917,0.368959,0.117131
613,1,0.088972,0.200972,0.095184
614,1,0.086203,0.274959,0.064443
615,1,0.097885,0.391735,0.110231
616,1,0.087025,0.409236,0.098604
617,1,0.070644,0.148453,0.081291
618,1,0.086066,0.254051,0.105656
619,1,0.091692,0.285635,0.112769
620,1,0.094549,0.336515,0.153325
621,1,0.091963,0.275298,0.189854
622,1,0.071864,0.364515,0.092483
623,1,0.079177,0.300212,0.157517
624,1,0.078566,0.243562,0.130123
625,1,0.078632,0.371671,0.068055
626,1,0.066992,0.306981,0.087927
627,1,0.097355,0.321665,0.121183
628,1,0.075265,0.235775,0.142610
629,1,0.084049,0.161434,0.075542
630,1,0.101566,0.281507,0.221574
631,1,0.077561,0.309468,0.112587
632,1,0.075122,0.401928,0.090344
633,1,0.087584,0.368067,0.124233
634,1,0.077850,0.166888,0.087704
635,1,0.094246,0.204123,0.100443
636,1,0.074309,0.175406,0.102985
637,1,0.081828,0.298616,0.089941
638,1,0.091084,0.189804,0.110093
639,1,0.097683,0.275015,0.181414
640,1,0.087700,0.315631,0.187157
641,1,0.093348,0.386890,0.213490
642,1,0.083584,0.181363,0.107556
643,1,0.073953,0.184803,0.141463
644,1,0.069674,0.310681,0.119337
645,1,0.077406,0.396144,0.069457
646,1,0.085647,0.309478,0.178808
647,1,0.097211,0.270324,0.149408
648,1,0.082067,0.282616,0.137697
649,1,0.078093,0.259142,0.184260
650,1,0.069019,0.098367,0.126454
651,1,0.077168,0.241690,0.082918
652,1,0.107044,0.072826,0.200119
653,1,0.088129,0.367352,0.221135
654,1,0.077722,0.440207,0.116633
655,1,0.084706,0.383975,0.117629
656,1,0.077138,0.246604,0.137296
657,1,0.100057,0.093446,0.221805
658,1,0.085937,0.109353,0.062414
659,1,0.088802,0.343287,0.128733
660,1,0.096748,0.339463,0.089464
661,1,0.074397,0.245106,0.064710
662,1,0.094657,0.298839,0.113595
663,1,0.099349,0.400166,0.094379
664,1,0.066646,0.539460,0.082930
665,1,0.078149,0.190644,0.126221
666,1,0.082371,0.297095,0.062957
667,1,0.084397,0.131236,0.046270
668,1,0.078974,0.194066,0.061029
669,1,0.076961,0.276691,0.050574
670,1,0.078391,0.297011,0.157325
671,1,0.090294,0.238869,0.138295
672,1,0.073140,0.373624,0.121553
673,1,0.076459,0.342659,0.080389
674,1,0.109830,0.463231,0.184041
675,1,0.082792,0.237955,0.158726
676,1,0.089798,0.235314,0.083636
677,1,0.072645,0.192671,0.172589
678,1,0.103084,0.265501,0.042968
679,1,0.087714,0.360488,0.096137
680,1,0.081446,0.119147,0.038768
681,1,0.101028,0.416558,0.122885
682,1,0.099310,0.100803,0.113454
683,1,0.123817,0.111582,0.116051
684,1,0.078251,0.419177,0.159515
685,1,0.103908,0.098977,0.127281
686,1,0.084643,0.221797,0.065853
687,1,0.083530,0.492018,0.084026
688,1,0.066870,0.190852,0.090398
689,1,0.091278,0.226659,0.162643
690,1,0.081841,0.361878,0.223873
691,1,0.066552,0.377552,0.124122
692,1,0.075586,0.297010,0.126013
693,1,0.074933,0.286304,0.051361
694,1,0.075242,0.215995,0.178301
695,1,0.079755,0.323914,0.093555
696,1,0.078862,0.216801,0.113821
697,1,0.073912,0.219712,0.204566
698,1,0.063044,0.521776,0.095507
699,1,0.067423,0.242081,0.091932
700,1,0.079461,0.470861,0.104855
701,1,0.071349,0.678633,0.118149
702,1,0.072119,0.296689,0.093467
703,1,0.085128,0.413327,0.092847
704,1,0.089439,0.207247,0.123287
705,1,0.084762,0.294704,0.109883
706,1,0.085969,0.374899,0.100729
707,1,0.084944,0.265662,0.103522
708,1,0.088271,0.507244,0.208705
709,1,0.089208,0.374034,0.072868
710,1,0.089277,0.316605,0.115555
711,1,0.082066,0.275943,0.065062
712,1,0.068385,0.319231,0.081882
713,1,0.085734,0.202316,0.172317
714,1,0.105419,0.367353,0.158013
715,1,0.075823,0.261330,0.123389
716,1,0.080269,0.270715,0.101998
717,1,0.089679,0.285485,0.093214
718,1,0.097479,0.320047,0.161102
719,1,0.086614,0.227235,0.104935
720,1,0.067801,0.364452,0.108097
721,1,0.092907,0.174912,0.148969
722,1,0.103436,0.240835,0.133726
723,1,0.080571,0.158897,0.122981
724,1,0.084648,0.200391,0.149968
725,1,0.073596,0.259855,0.079543
726,1,0.085003,0.226944,0.133166
727,1,0.065322,0.231945,0.094093
728,1,0.077719,0.384976,0.153421
729,1,0.078419,0.425921,0.119638
730,1,0.077222,0.089709,0.099733
731,1,0.106456,0.331110,0.098954
732,1,0.060866,0.222037,0.058312
733,1,0.073460,0.213793,0.122689
734,1,0.104839,0.193161,0.083278
735,1,0.080206,0.114730,0.105953
736,1,0.091687,0.380903,0.198893
737,1,0.090328,0.254879,0.140692
738,1,0.076986,0.320587,0.166153
739,1,0.094543,0.355616,0.142131
740,1,0.075389,0.350769,0.088559
741,1,0.114596,0.264790,0.192066
742,1,0.090759,0.281304,0.084820
743,1,0.062285,0.289146,0.111544
744,1,0.077670,0.501312,0.083489
745,1,0.074585,0.132275,0.073245
746,1,0.084063,0.229537,0.121059
747,1,0.099221,0.175857,0.139170
748,1,0.077252,0.312285,0.085931
749,1,0.086441,0.195490,0.150470
750,1,0.067665,0.323609,0.126790
751,1,0.073197,0.225173,0.139197
752,1,0.080662,0.336973,0.075204
753,1,0.085392,0.127878,0.085730
754,1,0.095064,0.289985,0.122866
755,1,0.086366,0.398265,0.089516
756,1,0.091655,0.292607,0.152088
757,1,0.069262,0.354093,0.148209
758,1,0.075677,0.235715,0.264055
759,1,0.072913,0.182316,0.068519
760,1,0.087964,0.211736,0.083143
761,1,0.068922,0.105347,0.079565
762,1,0.096260,0.225971,0.167173
763,1,0.086259,0.253504,0.105009
764,1,0.078065,0.243576,0.094711
765,1,0.101799,0.133500,0.117313
766,1,0.092277,0.189752,0.245369
767,1,0.096862,0.089957,0.101248
768,1,0.086588,0.377493,0.196753
769,1,0.078519,0.140869,0.123235
770,1,0.092990,0.244099,0.112683
771,1,0.069600,0.342253,0.065740
772,1,0.100184,0.278036,0.071426
773,1,0.083723,0.191425,0.159481
774,1,0.074646,0.431162,0.148046
775,1,0.073636,0.168296,0.039647
776,1,0.100110,0.246894,0.054524
777,1,0.077485,0.186189,0.153081
778,1,0.072354,0.297766,0.090944
779,1,0.082324,0.565507,0.088709
780,1,0.083219,0.258254,0.118381
781,1,0.087654,0.219115,0.136930
782,1,0.063940,0.374055,0.127284
783,1,0.067916,0.221245,0.124153
784,1,0.077529,0.156131,0.140649
785,1,0.112209,0.381809,0.110915
786,1,0.089107,0.270489,0.038573
787,1,0.092870,0.194314,0.118235
788,1,0.063205,0.201706,0.124358
789,1,0.071944,0.208093,0.059849
790,1,0.076345,0.066521,0.073160
791,1,0.086647,0.114902,0.123457
792,1,0.105469,0.563526,0.125170
793,1,0.081030,0.312755,0.099901
794,1,0.087162,0.300306,0.142604
795,1,0.064166,0.278989,0.101422
796,1,0.078275,0.366690,0.099926
797,1,0.087856,0.153365,0.093811
798,1,0.092188,0.155839,0.094381
799,1,0.061615,0.345591,0.092995
800,1,0.085482,0.247898,0.168717
801,1,0.078353,0.292870,0.225996
802,1,0.075857,0.360134,0.087843
803,1,0.088276,0.207937,0.141077
804,1,0.094501,0.481985,0.079142
805,1,0.077726,0.281045,0.115945
806,1,0.103474,0.399743,0.159263
807,1,0.072598,0.270716,0.113777
808,1,0.078605,0.153869,0.124336
809,1,0.108726,0.289861,0.135581
810,1,0.094488,0.432352,0.174244
811,1,0.066685,0.166494,0.081956
812,1,0.085849,0.279993,0.123145
813,1,0.121037,0.314651,0.121289
814,1,0.106652,0.395426,0.133838
815,1,0.068316,0.341372,0.103055
816,1,0.108410,0.375329,0.042842
817,1,0.063885,0.295841,0.078535
818,1,0.083230,0.262956,0.068921
819,1,0.074863,0.347710,0.048171
820,1,0.082298,0.287909,0.127110
821,1,0.079310,0.221417,0.143351
822,1,0.079921,0.248065,0.102749
823,1,0.083155,0.324239,0.099909
824,1,0.085322,0.292140,0.096448
825,1,0.093302,0.230266,0.120681
826,1,0.159037,0.188029,0.245046
827,1,0.097668,0.112988,0.065984
828,1,0.097121,0.207004,0.037356
829,1,0.098126,0.437181,0.089981
830,1,0.065615,0.384865,0.133808
831,1,0.087518,0.275895,0.157049
832,1,0.075037,0.425960,0.116357
833,1,0.101849,0.339208,0.155356
834,1,0.080409,0.165977,0.096630
835,1,0.092721,0.257645,0.071515
836,1,0.080724,0.130124,0.077537
837,1,0.093639,0.183296,0.117224
838,1,0.092417,0.260853,0.088005
839,1,0.086583,0.236842,0.146902
840,1,0.080856,0.399413,0.084895
841,1,0.089102,0.373886,0.081742
842,1,0.080578,0.339754,0.158638
843,1,0.088454,0.313245,0.171635
844,1,0.086834,0.238788,0.163537
845,1,0.075878,0.094470,0.106382
846,1,0.080420,0.238029,0.097177
847,1,0.122534,0.234721,0.116948
848,1,0.069750,0.238269,0.168604
849,1,0.099167,0.318395,0.112575
850,1,0.082869,0.215799,0.112897
851,1,0.081479,0.256348,0.161652
852,1,0.077250,0.430673,0.104615
853,1,0.088111,0.541766,0.128166
854,1,0.091725,0.359347,0.065329
855,1,0.069018,0.158590,0.099111
856,1,0.105511,0.119971,0.233298
857,1,0.072227,0.149060,0.061462
858,1,0.092836,0.146556,0.138715
859,1,0.073120,0.155010,0.079016
860,1,0.086654,0.265133,0.054418
861,1,0.067956,0.214224,0.099633
862,1,0.092366,0.154513,0.141916
863,1,0.084970,0.211690,0.109034
864,1,0.069329,0.229537,0.147334
865,1,0.064669,0.207683,0.084885
866,1,0.069926,0.238082,0.076300
867,1,0.083967,0.564896,0.109890
868,1,0.070297,0.299648,0.075289
869,1,0.073818,0.217986,0.113922
870,1,0.090684,0.434902,0.194974
871,1,0.091881,0.415847,0.090673
872,1,0.078920,0.052269,0.031275
873,1,0.077544,0.256085,0.095174
874,1,0.102678,0.406073,0.150833
875,1,0.091255,0.210682,0.084055
876,1,0.074882,0.137648,0.186912
877,1,0.074510,0.241917,0.208235
878,1,0.073443,0.161353,0.090550
879,1,0.079668,0.265941,0.125820
880,1,0.078900,0.156870,0.207700
881,1,0.077089,0.283254,0.112014
882,1,0.090017,0.262816,0.187403
883,1,0.085106,0.305326,0.190279
884,1,0.075229,0.562499,0.154907
885,1,0.086100,0.158790,0.044214
886,1,0.086589,0.369654,0.138296
887,1,0.081763,0.310060,0.128177
888,1,0.073230,0.287135,0.077750
889,1,0.114722,0.115915,0.119743
890,1,0.074013,0.225642,0.071979
891,1,0.084265,0.322271,0.158689
892,1,0.087167,0.209868,0.090027
893,1,0.054387,0.193515,0.115294
894,1,0.074317,0.320985,0.177529
895,1,0.092750,0.247005,0.133424
896,1,0.067787,0.276384,0.110169
897,1,0.093495,0.293093,0.108472
898,1,0.086842,0.263378,0.107462
899,1,0.081666,0.321763,0.075107
900,1,0.083071,0.330009,0.186749
901,1,0.080664,0.284982,0.159947
902,1,0.092595,0.351979,0.172334
903,1,0.116515,0.314416,0.240996
904,1,0.093978,0.341185,0.133660
905,1,0.076343,0.410454,0.057215
906,1,0.084264,0.251622,0.131958
907,1,0.083432,0.134715,0.117924
908,1,0.095475,0.236895,0.041199
909,1,0.074652,0.407696,0.105586
910,1,0.091372,0.256162,0.141468
911,1,0.067437,0.198354,0.101714
912,1,0.093687,0.334780,0.209831
913,1,0.096835,0.511583,0.134225
914,1,0.134079,0.131888,0.153307
915,1,0.095807,0.294142,0.296730
916,1,0.088145,0.298043,0.109989
917,1,0.079950,0.422041,0.112166
918,1,0.094235,0.163337,0.085780
919,1,0.086667,0.087741,0.128321
920,1,0.090143,0.332555,0.089935
921,1,0.101120,0.220075,0.083453
922,1,0.101236,0.148999,0.155131
923,1,0.082141,0.289956,0.067959
924,1,0.075111,0.053765,0.104549
925,1,0.088709,0.250916,0.238326
926,1,0.083131,0.285300,0.067726
927,1,0.101303,0.275867,0.293604
928,1,0.078741,0.122619,0.059633
929,1,0.066987,0.276083,0.084624
930,1,0.084872,0.426803,0.161369
931,1,0.076037,0.188316,0.081055
932,1,0.089956,0.475278,0.085683
933,1,0.082706,0.226523,0.069812
934,1,0.065163,0.295258,0.093602
935,1,0.080927,0.241183,0.064935
936,1,0.097255,0.189001,0.242560
937,1,0.076676,0.221761,0.063846
938,1,0.084317,0.263345,0.154030
939,1,0.074773,0.229678,0.139075
940,1,0.103100,0.212539,0.173100
941,1,0.090011,0.208363,0.150495
942,1,0.102953,0.373307,0.156363
943,1,0.076599,0.196111,0.115949
944,1,0.090488,0.202661,0.160441
945,1,0.092270,0.372210,0.137965
946,1,0.083821,0.329687,0.122042
947,1,0.103263,0.165180,0.139715
948,1,0.079208,0.243292,0.119551
949,1,0.073213,0.116576,0.070245
950,1,0.100167,0.293007,0.110198
951,1,0.072714,0.257091,0.059000
952,1,0.075468,0.213707,0.157349
953,1,0.090181,0.152202,0.143345
954,1,0.067875,0.294904,0.102937
955,1,0.085482,0.373735,0.107803
956,1,0.082787,0.214263,0.167092
957,1,0.098048,0.297888,0.167101
958,1,0.081641,0.457712,0.174319
959,1,0.080188,0.112588,0.089595
960,1,0.095612,0.406432,0.085247
961,1,0.074588,0.308822,0.119754
962,1,0.081166,0.272721,0.136975
963,1,0.073696,0.386976,0.116003
964,1,0.093401,0.237667,0.100232
965,1,0.076851,0.204962,0.111602
966,1,0.068173,0.257041,0.033698
967,1,0.082477,0.143553,0.123134
968,1,0.092436,0.108140,0.133126
969,1,0.095901,0.234414,0.098370
970,1,0.090508,0.145225,0.119591
971,1,0.093468,0.232622,0.103740
972,1,0.074980,0.146194,0.126619
973,1,0.095662,0.099025,0.089315
974,1,0.070744,0.344668,0.121457
975,1,0.106933,0.134204,0.176492
976,1,0.099427,0.199880,0.151311
977,1,0.084719,0.408451,0.104432
978,1,0.080331,0.295383,0.186693
979,1,0.076145,0.249566,0.064567
980,1,0.092181,0.208445,0.107127
981,1,0.103761,0.502712,0.148266
982,1,0.095177,0.225475,0.131034
983,1,0.084574,0.307543,0.131515
984,1,0.119595,0.217927,0.134705
985,1,0.081280,0.271132,0.157568
986,1,0.066758,0.261449,0.164253
987,1,0.088599,0.295604,0.181588
988,1,0.099543,0.417230,0.193860
989,1,0.081441,0.318267,0.098121
990,1,0.082383,0.256633,0.107592
991,1,0.071080,0.172259,0.057464
992,1,0.068569,0.352788,0.110816
993,1,0.076711,0.355366,0.146055
994,1,0.075688,0.395826,0.113030
995,1,0.077620,0.156115,0.078744
996,1,0.080967,0.229601,0.060632
997,1,0.075610,0.441688,0.163062
998,1,0.088506,0.319154,0.122444
999,1,0.113995,0.347439,0.111828
1000,1,0.092952,0.312889,0.162269
1001,1,0.065275,0.177851,0.056221
1002,1,0.096315,0.178842,0.118712
1003,1,0.085408,0.177510,0.139051
1004,1,0.081725,0.284403,0.190167
1005,1,0.070765,0.133955,0.113978
1006,1,0.078320,0.229066,0.068270
1007,1,0.106265,0.319778,0.161850
1008,1,0.068664,0.341343,0.124544
1009,1,0.069967,0.175698,0.083355
1010,1,0.087187,0.195777,0.061609
1011,1,0.092872,0.375646,0.169609
1012,1,0.079306,0.131708,0.057306
1013,1,0.090973,0.149215,0.100543
1014,1,0.090454,0.397597,0.091136
1015,1,0.099982,0.186912,0.163341
1016,1,0.061106,0.344495,0.115515
1017,1,0.069566,0.257819,0.099616
1018,1,0.074463,0.208058,0.089556
1019,1,0.074920,0.216420,0.090097
1020,1,0.086721,0.213922,0.073065
1021,1,0.091948,0.214306,0.093873
1022,1,0.085538,0.132127,0.101602
1023,1,0.093082,0.324371,0.130902
1024,1,0.094008,0.365021,0.157735
1025,1,0.086749,0.307596,0.163118
1026,1,0.080727,0.142233,0.099023
1027,1,0.087280,0.259621,0.143741
1028,1,0.076282,0.216237,0.084855
1029,1,0.077686,0.212845,0.137779
1030,1,0.080977,0.279627,0.129060
1031,1,0.092914,0.252106,0.104108
1032,1,0.077321,0.299573,0.145497
1033,1,0.089190,0.265869,0.133694
1034,1,0.076911,0.312947,0.084506
1035,1,0.087974,0.394166,0.079588
1036,1,0.090763,0.195143,0.052230
1037,1,0.077587,0.229512,0.102404
1038,1,0.069717,0.276123,0.063086
1039,1,0.078238,0.234151,0.151962
1040,1,0.079140,0.308581,0.101738
1041,1,0.079723,0.240649,0.099466
1042,1,0.081669,0.301132,0.122876
1043,1,0.092817,0.259001,0.070831
1044,1,0.083877,0.198388,0.109246
1045,1,0.082040,0.170545,0.066616
1046,1,0.070657,0.331190,0.101960
1047,1,0.068870,0.288631,0.099190
1048,1,0.077519,0.103512,0.115691
1049,1,0.069868,0.233685,0.099521
1050,1,0.095219,0.339626,0.254747
1051,1,0.079810,0.214436,0.124160
1052,1,0.083408,0.214751,0.140948
1053,1,0.112173,0.332376,0.145158
1054,1,0.078237,0.343778,0.120154
1055,1,0.106024,0.417516,0.121949
1056,1,0.088728,0.268247,0.151517
1057,1,0.080564,0.111873,0.151212
1058,1,0.086912,0.394898,0.182573
1059,1,0.070427,0.156977,0.106343
1060,1,0.107607,0.129625,0.102320
1061,1,0.110195,0.175268,0.098251
1062,1,0.069434,0.170879,0.084583
1063,1,0.078839,0.037047,0.064967
1064,1,0.073411,0.190120,0.077596
1065,1,0.101716,0.265899,0.130627
1066,1,0.086109,0.233932,0.138837
1067,1,0.082553,0.196336,0.115283
1068,1,0.075768,0.330654,0.142915
1069,1,0.074766,0.267533,0.158703
1070,1,0.104183,0.396425,0.093763
1071,1,0.077270,0.316704,0.120623
1072,1,0.083117,0.250250,0.149197
1073,1,0.083842,0.172009,0.120481
1074,1,0.096150,0.652213,0.131239
1075,1,0.074683,0.290259,0.153678
1076,1,0.095864,0.350105,0.139197
1077,1,0.090302,0.171907,0.181160
1078,1,0.071002,0.154579,0.095084
1079,1,0.094090,0.310461,0.088228
1080,1,0.099984,0.337573,0.126602
1081,1,0.062257,0.129455,0.035229
1082,1,0.091427,0.315787,0.144146
1083,1,0.082546,0.314025,0.206552
1084,1,0.077273,0.095872,0.105786
1085,1,0.086803,0.167754,0.094291
1086,1,0.102772,0.574544,0.097915
1087,1,0.075691,0.273820,0.109902
1088,1,0.083428,0.143172,0.133546
1089,1,0.085065,0.226172,0.109897
1090,1,0.091425,0.155123,0.152565
1091,1,0.073748,0.176200,0.105258
1092,1,0.075845,0.284222,0.130043
1093,1,0.088106,0.176571,0.091071
1094,1,0.088971,0.133252,0.092421
1095,1,0.068560,0.090387,0.085951
1096,1,0.101690,0.364716,0.100048
1097,1,0.085945,0.140792,0.088767
1098,1,0.097290,0.170789,0.188560
1099,1,0.064734,0.249917,0.052137
1100,1,0.094089,0.375562,0.163474
1101,1,0.074768,0.275244,0.103700
1102,1,0.091491,0.287382,0.133093
1103,1,0.072528,0.140864,0.107040
1104,1,0.073841,0.202149,0.064683
1105,1,0.083197,0.231613,0.080532
1106,1,0.085549,0.261564,0.167411
1107,1,0.077135,0.162235,0.097543
1108,1,0.133652,0.150708,0.105595
1109,1,0.090548,0.192164,0.114700
1110,1,0.078019,0.312774,0.084514
1111,1,0.062568,0.208722,0.114837
1112,1,0.076398,0.217160,0.080939
1113,1,0.072772,0.221901,0.137146
1114,1,0.083306,0.289260,0.194421
1115,1,0.072695,0.215229,0.084448
1116,1,0.072813,0.232943,0.092238
1117,1,0.091222,0.245147,0.155162
1118,1,0.098359,0.197223,0.126502
1119,1,0.087485,0.238174,0.055323
1120,1,0.068062,0.186212,0.129149
1121,1,0.081544,0.274991,0.164640
1122,1,0.069014,0.205556,0.104964
1123,1,0.093391,0.436784,0.131785
1124,1,0.082824,0.318072,0.086534
1125,1,0.093880,0.173446,0.119844
1126,1,0.087746,0.267370,0.053629
1127,1,0.079290,0.192365,0.148694
1128,1,0.093959,0.236605,0.103662
1129,1,0.083871,0.418142,0.106426
1130,1,0.089173,0.347173,0.143782
1131,1,0.075153,0.295369,0.042094
1132,1,0.084156,0.206317,0.069233
1133,1,0.080561,0.359266,0.086138
1134,1,0.068231,0.169523,0.142047
1135,1,0.085289,0.244720,0.119351
1136,1,0.107043,0.251556,0.146347
1137,1,0.081427,0.211961,0.122151
1138,1,0.076796,0.234431,0.163833
1139,1,0.106146,0.272138,0.169182
1140,1,0.079750,0.172364,0.065343
1141,1,0.073795,0.287148,0.100249
1142,1,0.073057,0.311134,0.074937
1143,1,0.068074,0.140996,0.062346
1144,1,0.092070,0.154379,0.242086
1145,1,0.063736,0.162946,0.139131
1146,1,0.092193,0.421459,0.085478
1147,1,0.079232,0.589897,0.116676
1148,1,0.066783,0.223019,0.106674
1149,1,0.071308,0.181940,0.106508
1150,1,0.108554,0.594938,0.121484
1151,1,0.101135,0.556172,0.120916
1152,1,0.070414,0.258070,0.063223
1153,1,0.102751,0.372648,0.103239
1154,1,0.086777,0.223150,0.085281
1155,1,0.088563,0.294010,0.119120
1156,1,0.097549,0.313506,0.171274
1157,1,0.081536,0.306393,0.100856
1158,1,0.076881,0.228885,0.079696
1159,1,0.076117,0.246211,0.073240
1160,1,0.078011,0.288475,0.093667
1161,1,0.079740,0.237025,0.048587
1162,1,0.061148,0.366397,0.093577
1163,1,0.103939,0.318687,0.113276
1164,1,0.117050,0.154649,0.116294
1165,1,0.108374,0.352591,0.189914
1166,1,0.082254,0.321481,0.129334
1167,1,0.092281,0.224346,0.156654
1168,1,0.085448,0.207689,0.048095
1169,1,0.081822,0.136621,0.176205
1170,1,0.082360,0.329740,0.155656
1171,1,0.074045,0.374770,0.112403
1172,1,0.084683,0.382691,0.161780
1173,1,0.074760,0.277239,0.178886
1174,1,0.073535,0.280165,0.050416
1175,1,0.074821,0.199180,0.041243
1176,1,0.079725,0.302206,0.087859
1177,1,0.107334,0.315180,0.142675
1178,1,0.075947,0.217760,0.119815
1179,1,0.097435,0.193554,0.139434
1180,1,0.067707,0.114532,0.135902
1181,1,0.076490,0.189648,0.059530
1182,1,0.073014,0.292797,0.127362
1183,1,0.081786,0.215963,0.101977
1184,1,0.083358,0.339198,0.140268
1185,1,0.069874,0.128765,0.127141
1186,1,0.077583,0.188216,0.045382
1187,1,0.079150,0.325538,0.139537
1188,1,0.076654,0.264581,0.103173
1189,1,0.069965,0.308173,0.145336
1190,1,0.079234,0.169193,0.136870
1191,1,0.102241,0.322029,0.116378
1192,1,0.110906,0.178424,0.121601
1193,1,0.073321,0.183454,0.062627
1194,1,0.072303,0.091218,0.161111
1195,1,0.079980,0.304469,0.132126
1196,1,0.093173,0.249392,0.134041
1197,1,0.085604,0.166534,0.069252
1198,1,0.081336,0.213939,0.061387
1199,1,0.079523,0.197304,0.113650
1200,1,0.062529,0.447443,0.096213
1201,1,0.123316,0.199716,0.116983
1202,1,0.087189,0.163268,0.069108
1203,1,0.102544,0.188828,0.166744
1204,1,0.113415,0.665233,0.204370
1205,1,0.073783,0.127384,0.079835
1206,1,0.084092,0.271503,0.111887
1207,1,0.078871,0.187463,0.108699
1208,1,0.088294,0.250315,0.166684
1209,1,0.087850,0.145067,0.104807
1210,1,0.095137,0.285657,0.084016
1211,1,0.085399,0.247158,0.149458
1212,1,0.083814,0.271389,0.109897
1213,1,0.076940,0.198802,0.128431
1214,1,0.094745,0.256533,0.153066
1215,1,0.098988,0.184602,0.085165
1216,1,0.074543,0.246027,0.068680
1217,1,0.085421,0.310304,0.061070
1218,1,0.074394,0.326339,0.068130
1219,1,0.083685,0.297275,0.127173
1220,1,0.086123,0.085088,0.101667
1221,1,0.078094,0.212375,0.036765
1222,1,0.071672,0.313414,0.108058
1223,1,0.075451,0.268909,0.103028
1224,1,0.082299,0.200950,0.151387
1225,1,0.081301,0.186370,0.154330
1226,1,0.079800,0.292844,0.162789
1227,1,0.090871,0.113874,0.151118
1228,1,0.068592,0.199038,0.157645
1229,1,0.058149,0.071372,0.109173
1230,1,0.116123,0.525395,0.184174
1231,1,0.072379,0.179046,0.081142
1232,1,0.087818,0.164560,0.123312
1233,1,0.076073,0.203322,0.156888
1234,1,0.088766,0.052930,0.132409
1235,1,0.093266,0.071551,0.131620
1236,1,0.097409,0.285394,0.083046
1237,1,0.079232,0.413154,0.176507
1238,1,0.081675,0.206274,0.109278
1239,1,0.076551,0.091383,0.105889
1240,1,0.064838,0.271535,0.045419
1241,1,0.086904,0.266589,0.154077
1242,1,0.067895,0.134769,0.055945
1243,1,0.106794,0.130428,0.124290
1244,1,0.104936,0.353702,0.160682
1245,1,0.092488,0.404296,0.139322
1246,1,0.081742,0.089563,0.065240
1247,1,0.094245,0.275903,0.197651
1248,1,0.070122,0.223046,0.082621
1249,1,0.110479,0.240546,0.116902
1250,1,0.092663,0.164414,0.151134
1251,1,0.090255,0.127092,0.171926
1252,1,0.094973,0.118101,0.181257
1253,1,0.076915,0.069447,0.124890
1254,1,0.079262,0.314750,0.113459
1255,1,0.084593,0.232060,0.068327
1256,1,0.103456,0.118203,0.153598
1257,1,0.084834,0.284220,0.139631
1258,1,0.111294,0.287589,0.156096
1259,1,0.084340,0.190538,0.188710
1260,1,0.105154,0.426892,0.083725
1261,1,0.091992,0.414276,0.108831
1262,1,0.136876,0.254262,0.071880
1263,1,0.078310,0.536938,0.083282
1264,1,0.107538,0.308194,0.153949
1265,1,0.079944,0.164490,0.201149
1266,1,0.094206,0.141176,0.111444
1267,1,0.066957,0.223187,0.131051
1268,1,0.077305,0.513657,0.124844
1269,1,0.090349,0.274816,0.114459
1270,1,0.069904,0.196891,0.103675
1271,1,0.096271,0.149688,0.075672
1272,1,0.080469,0.281672,0.112877
1273,1,0.076014,0.157017,0.094854
1274,1,0.075430,0.323445,0.072394
1275,1,0.089582,0.221069,0.077027
1276,1,0.068902,0.221284,0.116369
1277,1,0.083593,0.277937,0.068618
1278,1,0.077380,0.212490,0.100668
1279,1,0.077177,0.191717,0.103552
1280,1,0.058673,0.205934,0.063166
1281,1,0.101496,0.112788,0.184928
1282,1,0.084161,0.218128,0.130868
1283,1,0.081220,0.233442,0.153248
1284,1,0.064079,0.182888,0.066564
1285,1,0.073036,0.185600,0.070632
1286,1,0.110116,0.181498,0.094137
1287,1,0.075263,0.056444,0.121640
1288,1,0.092670,0.194137,0.251508
1289,1,0.096607,0.172152,0.211374
1290,1,0.080060,0.382297,0.207367
1291,1,0.084950,0.394175,0.102237
1292,1,0.064719,0.345777,0.145093
1293,1,0.074659,0.261440,0.113786
1294,1,0.089818,0.196047,0.119269
1295,1,0.081577,0.262112,0.170586
1296,1,0.099461,0.181002,0.163867
1297,1,0.105476,0.162031,0.139280
1298,1,0.075121,0.107836,0.077532
1299,1,0.076945,0.185767,0.102572
1300,1,0.095106,0.200463,0.072725
1301,1,0.080813,0.234281,0.116967
1302,1,0.082574,0.459812,0.079694
1303,1,0.062849,0.247073,0.082570
1304,1,0.095653,0.196247,0.144915
1305,1,0.081269,0.246112,0.063510
1306,1,0.064890,0.321597,0.092623
1307,1,0.083574,0.179757,0.085406
1308,1,0.079112,0.165805,0.074002
1309,1,0.074526,0.251436,0.120198
1310,1,0.074126,0.236859,0.154468
1311,1,0.071725,0.195906,0.079254
1312,1,0.085447,0.193170,0.088356
1313,1,0.099755,0.196949,0.118760
1314,1,0.084695,0.201557,0.098598
1315,1,0.079338,0.177975,0.075649
1316,1,0.090716,0.153088,0.118356
1317,1,0.077551,0.152951,0.113262
1318,1,0.100197,0.308031,0.184328
1319,1,0.091035,0.199678,0.117928
1320,1,0.067010,0.213820,0.092330
1321,1,0.079196,0.215829,0.082497
1322,1,0.062631,0.235179,0.053477
1323,1,0.100976,0.188823,0.233921
1324,1,0.077893,0.203283,0.090725
1325,1,0.073084,0.194682,0.096752
1326,1,0.087387,0.384366,0.207152
1327,1,0.094163,0.123221,0.150759
1328,1,0.064183,0.197915,0.109710
1329,1,0.061188,0.256609,0.103971
1330,1,0.094903,0.204566,0.128192
1331,1,0.080951,0.202857,0.083482
1332,1,0.087139,0.203965,0.068668
1333,1,0.078132,0.227336,0.087386
1334,1,0.073670,0.274509,0.063782
1335,1,0.092473,0.267279,0.076590
1336,1,0.071231,0.258645,0.116334
1337,1,0.094837,0.249732,0.074738
1338,1,0.096386,0.103162,0.176945
1339,1,0.067355,0.111958,0.093475
1340,1,0.086286,0.353577,0.098270
1341,1,0.092174,0.296752,0.131248
1342,1,0.073283,0.219278,0.100406
1343,1,0.071952,0.298846,0.124516
1344,1,0.084175,0.103499,0.096038
1345,1,0.099326,0.300633,0.135359
1346,1,0.079920,0.163648,0.149740
1347,1,0.085109,0.116742,0.211507
1348,1,0.076903,0.078450,0.088884
1349,1,0.117275,0.088494,0.196923
1350,1,0.066445,0.232323,0.115080
1351,1,0.073017,0.216915,0.102494
1352,1,0.089988,0.320221,0.157977
1353,1,0.095575,0.363223,0.165602
1354,1,0.073597,0.152248,0.082115
1355,1,0.078047,0.157644,0.086511
1356,1,0.096124,0.227505,0.086044
1357,1,0.078471,0.182998,0.166931
1358,1,0.072094,0.133575,0.105168
1359,1,0.087469,0.227888,0.110415
1360,1,0.082520,0.179811,0.150911
1361,1,0.086950,0.076704,0.120038
1362,1,0.083357,0.320104,0.183145
1363,1,0.094667,0.287830,0.093536
1364,1,0.066160,0.289092,0.089478
1365,1,0.111808,0.212286,0.265729
1366,1,0.060927,0.111450,0.098138
1367,1,0.071147,0.269272,0.106357
1368,1,0.074940,0.233637,0.044847
1369,1,0.077237,0.133002,0.130707
1370,1,0.074086,0.225479,0.105636
1371,1,0.079565,0.158245,0.056546
1372,1,0.085817,0.170874,0.131282
1373,1,0.089977,0.101586,0.095581
1374,1,0.069541,0.224580,0.081580
1375,1,0.074596,0.194149,0.132850
1376,1,0.087880,0.183798,0.245193
1377,1,0.079763,0.246664,0.075755
1378,1,0.076600,0.277256,0.035450
1379,1,0.085386,0.252044,0.164957
1380,1,0.085749,0.359239,0.141894
1381,1,0.097045,0.227805,0.089179
1382,1,0.060565,0.281214,0.156747
1383,1,0.091318,0.134081,0.128463
1384,1,0.091741,0.459509,0.139168
1385,1,0.071154,0.319764,0.094320
1386,1,0.058453,0.235718,0.113406
1387,1,0.087470,0.090729,0.208948
1388,1,0.077056,0.315743,0.109020
1389,1,0.091750,0.190833,0.180340
1390,1,0.070916,0.105113,0.145088
1391,1,0.076470,0.278419,0.085394
1392,1,0.093366,0.142461,0.157518
1393,1,0.080589,0.218288,0.142547
1394,1,0.076231,0.154629,0.133406
1395,1,0.069717,0.189469,0.126927
1396,1,0.078188,0.137756,0.126988
1397,1,0.085897,0.235199,0.168570
1398,1,0.092318,0.245652,0.058787
1399,1,0.083377,0.329590,0.081990
1400,1,0.079006,0.309554,0.076269
1401,1,0.075437,0.124422,0.133082
1402,1,0.070918,0.089669,0.088222
1403,1,0.064105,0.389972,0.079756
1404,1,0.092864,0.141494,0.134300
1405,1,0.085704,0.149882,0.090645
1406,1,0.072770,0.177104,0.111786
1407,1,0.083549,0.125851,0.120529
1408,1,0.070241,0.286476,0.044562
1409,1,0.074976,0.332677,0.117102
1410,1,0.080047,0.159195,0.114216
1411,1,0.075487,0.351140,0.078594
1412,1,0.075604,0.345234,0.070529
1413,1,0.090851,0.260287,0.099073
1414,1,0.085489,0.234694,0.076261
1415,1,0.077307,0.164659,0.073927
1416,1,0.099513,0.307572,0.054610
1417,1,0.093358,0.242579,0.106127
1418,1,0.086262,0.180051,0.120419
1419,1,0.092504,0.265539,0.125823
1420,1,0.059381,0.269897,0.146673
1421,1,0.070024,0.262185,0.107184
1422,1,0.083711,0.092478,0.100919
1423,1,0.108753,0.336684,0.285794
1424,1,0.088941,0.142321,0.081280
1425,1,0.065463,0.075031,0.069767
1426,1,0.096558,0.117117,0.110258
1427,1,0.082709,0.225479,0.128185
1428,1,0.078642,0.306297,0.101729
1429,1,0.072210,0.176317,0.044518
1430,1,0.088950,0.117326,0.168847
1431,1,0.100007,0.292748,0.101800
1432,1,0.104754,0.177596,0.107206
1433,1,0.074880,0.107376,0.127117
1434,1,0.087039,0.157948,0.088975
1435,1,0.089441,0.087634,0.134061
1436,1,0.090445,0.259620,0.123968
1437,1,0.068032,0.273683,0.083637
1438,1,0.086738,0.375096,0.113548
1439,1,0.107486,0.246318,0.148716
1440,1,0.065623,0.080114,0.110260
1441,1,0.072396,0.313802,0.103946
1442,1,0.081339,0.364954,0.076491
1443,1,0.094267,0.302724,0.110399
1444,1,0.086122,0.291831,0.181369
1445,1,0.081760,0.257278,0.081397
1446,1,0.081761,0.206816,0.129229
1447,1,0.078728,0.206169,0.071127
1448,1,0.055138,0.094142,0.112031
1449,1,0.074253,0.210680,0.138167
1450,1,0.087657,0.170148,0.066251
1451,1,0.060732,0.151281,0.092149
1452,1,0.086531,0.305261,0.234651
1453,1,0.082234,0.196484,0.139593
1454,1,0.079856,0.160223,0.230351
1455,1,0.088190,0.047031,0.166416
1456,1,0.056363,0.183321,0.069111
1457,1,0.074046,0.189858,0.060555
1458,1,0.084480,0.157521,0.092767
1459,1,0.117859,0.195148,0.214676
1460,1,0.093061,0.209019,0.176700
1461,1,0.097619,0.203670,0.207193
1462,1,0.055616,0.111249,0.046439
1463,1,0.067279,0.211794,0.170258
1464,1,0.068645,0.196257,0.124769
1465,1,0.085665,0.339688,0.105771
1466,1,0.087163,0.200969,0.079083
1467,1,0.097752,0.160324,0.103183
1468,1,0.064230,0.067316,0.139113
1469,1,0.071129,0.214914,0.058900
1470,1,0.069330,0.300954,0.051799
1471,1,0.059499,0.077782,0.090356
1472,1,0.071810,0.342188,0.081759
1473,1,0.096748,0.110130,0.066203
1474,1,0.061366,0.235567,0.084357
1475,1,0.073687,0.234780,0.087425
1476,1,0.078768,0.232805,0.135605
1477,1,0.078437,0.228540,0.077914
1478,1,0.090384,0.146267,0.084110
1479,1,0.093871,0.283620,0.102671
1480,1,0.127931,0.213464,0.217260
1481,1,0.068980,0.118653,0.076042
1482,1,0.054932,0.084188,0.132946
1483,1,0.073768,0.223808,0.121863
1484,1,0.071008,0.066854,0.103495
1485,1,0.073330,0.208572,0.067927
1486,1,0.083084,0.173779,0.093164
1487,1,0.093890,0.274585,0.111240
1488,1,0.086214,0.389324,0.136596
1489,1,0.070089,0.236677,0.090543
1490,1,0.078171,0.060514,0.048126
1491,1,0.080223,0.177102,0.083171
1492,1,0.064045,0.165607,0.191409
1493,1,0.087528,0.247324,0.103008
1494,1,0.074779,0.181791,0.065379
1495,1,0.072291,0.278903,0.056475
1496,1,0.084030,0.159024,0.106903
1497,1,0.080248,0.328480,0.132949
1498,1,0.072296,0.200962,0.059521
1499,1,0.077538,0.152847,0.053212
1500,1,0.089388,0.113990,0.211573
1501,1,0.092007,0.101571,0.149258
1502,1,0.063842,0.192514,0.093215
1503,1,0.081776,0.362613,0.157717
1504,1,0.076973,0.317714,0.117974
1505,1,0.073945,0.259231,0.064117
1506,1,0.094035,0.197670,0.110250
1507,1,0.070886,0.235569,0.055221
1508,1,0.090228,0.070379,0.155098
1509,1,0.066192,0.338835,0.177668
1510,1,0.066401,0.161813,0.115408
1511,1,0.048870,0.138892,0.098054
1512,1,0.080472,0.357550,0.095898
1513,1,0.092441,0.259995,0.107964
1514,1,0.088963,0.163687,0.156037
1515,1,0.123245,0.230411,0.095437
1516,1,0.098023,0.144941,0.068163
1517,1,0.100922,0.210296,0.143592
1518,1,0.094607,0.216454,0.091471
1519,1,0.060966,0.197277,0.131521
1520,1,0.084081,0.240790,0.193583
1521,1,0.063927,0.205491,0.125475
1522,1,0.090768,0.210455,0.142038
1523,1,0.064966,0.242391,0.148966
1524,1,0.076453,0.177581,0.144092
1525,1,0.111394,0.209867,0.158579
1526,1,0.089768,0.199441,0.119714
1527,1,0.070438,0.126737,0.143285
1528,1,0.079559,0.301315,0.092384
1529,1,0.088999,0.142683,0.192149
1530,1,0.062691,0.273049,0.099039
1531,1,0.084400,0.085479,0.166188
1532,1,0.090763,0.206263,0.130492
1533,1,0.071935,0.177351,0.114827
1534,1,0.081850,0.488294,0.071651
1535,1,0.088760,0.087829,0.070109
1536,1,0.071516,0.369318,0.083862
1537,1,0.073861,0.197120,0.082259
1538,1,0.073870,0.275588,0.088266
1539,1,0.078449,0.264269,0.084853
1540,1,0.063555,0.322938,0.080829
1541,1,0.087851,0.182594,0.121085
1542,1,0.095945,0.254424,0.152638
1543,1,0.080089,0.158607,0.094322
1544,1,0.073867,0.203317,0.077583
1545,1,0.068940,0.047357,0.071177
1546,1,0.074970,0.129179,0.089522
1547,1,0.066243,0.079189,0.068078
1548,1,0.064929,0.226213,0.072602
1549,1,0.104729,0.319976,0.198202
1550,1,0.072158,0.229192,0.196946
1551,1,0.060650,0.163486,0.113754
1552,1,0.062057,0.176134,0.065549
1553,1,0.079712,0.232132,0.139677
1554,1,0.090740,0.227760,0.138338
1555,1,0.073895,0.380505,0.099055
1556,1,0.058612,0.253563,0.014736
1557,1,0.062828,0.232092,0.064653
1558,1,0.072008,0.265639,0.064604
1559,1,0.093810,0.313217,0.099068
1560,1,0.072775,0.138864,0.172333
1561,1,0.087200,0.326071,0.143137
1562,1,0.078723,0.093959,0.085156
1563,1,0.081096,0.313186,0.168524
1564,1,0.068153,0.207886,0.069408
1565,1,0.082618,0.145735,0.165780
1566,1,0.109930,0.132569,0.144310
1567,1,0.069028,0.096301,0.116956
1568,1,0.082727,0.206034,0.103596
1569,1,0.083970,0.162366,0.059355
1570,1,0.079352,0.297555,0.068046
1571,1,0.092873,0.168796,0.130820
1572,1,0.058595,0.292368,0.162185
1573,1,0.062685,0.280719,0.105602
1574,1,0.073302,0.409426,0.161142
1575,1,0.057870,0.230187,0.173541
1576,1,0.068159,0.147209,0.100563
1577,1,0.073459,0.190033,0.149631
1578,1,0.093252,0.198333,0.082050
1579,1,0.096295,0.250983,0.135748
1580,2,0.056993,0.317712,0.122068
1581,2,0.082958,0.188096,0.097062
1582,2,0.100977,0.394815,0.127686
1583,2,0.082010,0.319596,0.074265
1584,2,0.063831,0.144191,0.071740
1585,2,0.085346,0.259392,0.106518
1586,2,0.060315,0.198647,0.138020
1587,2,0.062462,0.212782,0.181435
1588,2,0.106881,0.242950,0.213636
1589,2,0.081194,0.159786,0.106257
1590,2,0.108305,0.217896,0.118305
1591,2,0.086360,0.170373,0.120112
1592,2,0.074730,0.069832,0.108080
1593,2,0.072235,0.364145,0.079840
1594,2,0.102760,0.231517,0.105778
1595,2,0.074765,0.137055,0.102107
1596,2,0.110409,0.289817,0.138193
1597,2,0.078930,0.370829,0.071112
1598,2,0.068703,0.154198,0.072272
1599,2,0.073778,0.213491,0.077697
1600,2,0.064044,0.404815,0.162932
1601,2,0.084163,0.202426,0.160662
1602,2,0.089621,0.090551,0.081427
1603,2,0.103160,0.213866,0.146990
1604,2,0.079366,0.155312,0.126353
1605,2,0.086413,0.227157,0.081795
1606,2,0.070868,0.269634,0.104416
1607,2,0.093885,0.097671,0.049231
1608,2,0.078917,0.137529,0.096371
1609,2,0.093516,0.358078,0.146183
1610,2,0.088832,0.133268,0.116111
1611,2,0.083576,0.243767,0.185810
1612,2,0.090965,0.131812,0.129415
1613,2,0.082197,0.316319,0.034222
1614,2,0.097072,0.140244,0.176689
1615,2,0.081443,0.438264,0.122176
1616,2,0.070626,0.169199,0.070321
1617,2,0.098280,0.278440,0.092195
1618,2,0.085334,0.150375,0.253636
1619,2,0.092303,0.234493,0.097125
1620,2,0.083122,0.131908,0.086958
1621,2,0.078433,0.222414,0.145314
1622,2,0.064627,0.229847,0.171492
1623,2,0.073902,0.461935,0.099009
1624,2,0.081472,0.207101,0.116039
1625,2,0.094410,0.080508,0.161529
1626,2,0.063559,0.184807,0.094574
1627,2,0.056484,0.204338,0.062144
1628,2,0.076069,0.212720,0.160326
1629,2,0.082778,0.093152,0.163028
1630,2,0.102014,0.179859,0.103648
1631,2,0.073773,0.119522,0.129146
1632,2,0.071565,0.228570,0.139870
1633,2,0.078847,0.284069,0.095530
1634,2,0.080930,0.298519,0.157358
1635,2,0.075320,0.320938,0.091978
1636,2,0.065375,0.118988,0.117059
1637,2,0.076642,0.161286,0.146580
1638,2,0.089494,0.243606,0.137104
1639,2,0.084723,0.213552,0.127542
1640,2,0.078198,0.228428,0.058778
1641,2,0.092635,0.206666,0.206198
1642,2,0.088272,0.273150,0.152720
1643,2,0.090050,0.115126,0.125460
1644,2,0.093132,0.303153,0.154067
1645,2,0.106131,0.424451,0.078792
1646,2,0.085417,0.225875,0.096639
1647,2,0.107283,0.198097,0.170384
1648,2,0.073907,0.231717,0.060155
1649,2,0.080145,0.298858,0.091040
1650,2,0.082129,0.070877,0.122086
1651,2,0.078089,0.251307,0.089155
1652,2,0.081984,0.066287,0.067591
1653,2,0.095049,0.376986,0.173895
1654,2,0.081170,0.177004,0.094096
1655,2,0.080973,0.219158,0.117571
1656,2,0.083318,0.262350,0.048202
1657,2,0.077116,0.356480,0.138855
1658,2,0.076410,0.240566,0.160699
1659,2,0.067104,0.097837,0.054079
1660,2,0.083565,0.353580,0.131167
1661,2,0.069173,0.276649,0.071005
1662,2,0.080524,0.082620,0.169985
1663,2,0.062824,0.216161,0.048876
1664,2,0.057101,0.387306,0.109130
1665,2,0.072640,0.269802,0.130658
1666,2,0.071429,0.236590,0.181828
1667,2,0.086209,0.160071,0.097858
1668,2,0.063679,0.111640,0.073006
1669,2,0.073410,0.316475,0.066865
1670,2,0.080669,0.278167,0.090847
1671,2,0.064800,0.164420,0.081686
1672,2,0.091980,0.341178,0.164389
1673,2,0.067535,0.191856,0.092637
1674,2,0.081269,0.165762,0.141349
1675,2,0.088146,0.409862,0.165754
1676,2,0.080662,0.211028,0.205532
1677,2,0.070839,0.234031,0.093968
1678,2,0.123772,0.119113,0.133203
1679,2,0.072806,0.205626,0.107202
1680,2,0.077142,0.137357,0.107990
1681,2,0.079606,0.356522,0.113508
1682,2,0.077665,0.263741,0.132955
1683,2,0.090008,0.107577,0.064937
1684,2,0.067338,0.094346,0.172216
1685,2,0.066980,0.173939,0.085812
1686,2,0.071933,0.149166,0.119416
1687,2,0.071841,0.164439,0.072367
1688,2,0.096111,0.199525,0.171415
1689,2,0.094317,0.079934,0.120031
1690,2,0.072169,0.210138,0.122183
1691,2,0.079950,0.110443,0.070899
1692,2,0.069038,0.238232,0.118573
1693,2,0.068816,0.246862,0.079286
1694,2,0.076260,0.285086,0.166199
1695,2,0.082768,0.141381,0.085293
1696,2,0.067926,0.113840,0.051525
1697,2,0.091156,0.116187,0.159590
1698,2,0.068314,0.109555,0.085001
1699,2,0.095779,0.194355,0.126578
1700,2,0.081245,0.415672,0.061567
1701,2,0.082634,0.179526,0.079780
1702,2,0.079625,0.176405,0.124883
1703,2,0.087390,0.175580,0.200008
1704,2,0.084250,0.146386,0.069101
1705,2,0.072225,0.477605,0.064446
1706,2,0.090822,0.149731,0.128474
1707,2,0.081365,0.236235,0.160072
1708,2,0.080416,0.129524,0.094537
1709,2,0.065075,0.161468,0.117023
1710,2,0.098630,0.266672,0.150113
1711,2,0.078892,0.217383,0.120145
1712,2,0.077485,0.188505,0.067434
1713,2,0.060458,0.119008,0.106351
1714,2,0.099240,0.231292,0.072119
1715,2,0.077084,0.170884,0.131554
1716,2,0.071790,0.161955,0.232126
1717,2,0.071223,0.174876,0.067414
1718,2,0.085953,0.144406,0.247945
1719,2,0.080572,0.046813,0.192503
1720,2,0.080450,0.104717,0.134487
1721,2,0.076437,0.230373,0.070227
1722,2,0.061657,0.172607,0.054260
1723,2,0.092805,0.178484,0.094441
1724,2,0.081866,0.207116,0.172903
1725,2,0.070053,0.202530,0.061456
1726,2,0.090392,0.258657,0.174989
1727,2,0.097047,0.436769,0.157772
1728,2,0.072210,0.276044,0.065636
1729,2,0.064394,0.216641,0.072456
1730,2,0.068303,0.249172,0.117047
1731,2,0.083808,0.165013,0.121292
1732,2,0.100424,0.228005,0.152642
1733,2,0.069227,0.188663,0.065436
1734,2,0.057918,0.155047,0.094595
1735,2,0.107805,0.094971,0.089602
1736,2,0.065011,0.125816,0.119488
1737,2,0.105141,0.366704,0.121706
1738,2,0.099289,0.327995,0.120350
1739,2,0.080005,0.183946,0.110177
1740,2,0.085328,0.071658,0.144696
1741,2,0.069831,0.271061,0.071807
1742,2,0.087469,0.112644,0.102967
1743,2,0.063510,0.233160,0.079277
1744,2,0.079205,0.217762,0.134911
1745,2,0.062250,0.201643,0.076082
1746,2,0.062085,0.218864,0.189581
1747,2,0.095496,0.266003,0.112485
1748,2,0.104260,0.214893,0.152001
1749,2,0.081418,0.188033,0.056893
1750,2,0.095083,0.167103,0.100853
1751,2,0.078454,0.247577,0.131728
1752,2,0.076252,0.283016,0.067646
1753,2,0.080523,0.259880,0.178947
1754,2,0.066957,0.196650,0.056965
1755,2,0.082475,0.097226,0.115408
1756,2,0.087022,0.407963,0.173263
1757,2,0.060180,0.152949,0.097688
1758,2,0.077652,0.241692,0.101263
1759,2,0.080748,0.261990,0.172384
1760,2,0.079119,0.411340,0.143701
1761,2,0.084036,0.222510,0.054616
1762,2,0.073179,0.166310,0.137150
1763,2,0.089503,0.509326,0.063408
1764,2,0.076735,0.242784,0.079828
1765,2,0.087059,0.105028,0.112453
1766,2,0.092491,0.390056,0.140680
1767,2,0.075086,0.070682,0.100542
1768,2,0.081311,0.173869,0.110006
1769,2,0.074902,0.184904,0.063945
1770,2,0.080025,0.097200,0.038714
1771,2,0.069803,0.384519,0.124737
1772,2,0.077512,0.313619,0.159141
1773,2,0.076583,0.196582,0.091756
1774,2,0.092493,0.167245,0.200373
1775,2,0.089737,0.286179,0.046134
1776,2,0.086964,0.162475,0.128232
1777,2,0.075650,0.276509,0.073499
1778,2,0.058156,0.156008,0.138661
1779,2,0.063764,0.112672,0.125462
1780,2,0.081681,0.129246,0.104823
1781,2,0.086844,0.124109,0.096547
1782,2,0.072094,0.134556,0.170912
1783,2,0.089533,0.100813,0.099768
1784,2,0.085244,0.201049,0.127461
1785,2,0.076914,0.251059,0.061253
1786,2,0.071642,0.185321,0.062406
1787,2,0.070769,0.213221,0.112691
1788,2,0.079385,0.126728,0.155009
1789,2,0.081481,0.073464,0.109486
1790,2,0.095724,0.133963,0.179163
1791,2,0.150090,0.303787,0.134182
1792,2,0.077027,0.216342,0.109020
1793,2,0.089836,0.266005,0.095850
1794,2,0.070677,0.224960,0.105201
1795,2,0.081406,0.226054,0.095153
1796,2,0.066537,0.143787,0.076033
1797,2,0.073904,0.088022,0.115139
1798,2,0.066248,0.181404,0.181274
1799,2,0.089017,0.204559,0.102696
1800,2,0.117173,0.201565,0.201049
1801,2,0.079597,0.216596,0.085783
1802,2,0.084044,0.176168,0.129366
1803,2,0.085404,0.390132,0.105575
1804,2,0.078611,0.227563,0.132602
1805,2,0.066193,0.284222,0.147108
1806,2,0.072263,0.356014,0.131699
1807,2,0.064044,0.278406,0.197043
1808,2,0.084363,0.219647,0.046371
1809,2,0.090715,0.314534,0.129700
1810,2,0.104716,0.239877,0.121536
1811,2,0.072555,0.236106,0.111484
1812,2,0.057366,0.256626,0.104423
1813,2,0.090591,0.180267,0.168287
1814,2,0.050752,0.129089,0.089289
1815,2,0.078676,0.141844,0.151301
1816,2,0.056994,0.261723,0.126888
1817,2,0.071856,0.337272,0.064235
1818,2,0.094306,0.233459,0.102192
1819,2,0.102816,0.450676,0.129609
1820,2,0.079320,0.302931,0.062236
1821,2,0.076734,0.257970,0.056914
1822,2,0.086146,0.094569,0.107560
1823,2,0.069273,0.207264,0.093450
1824,2,0.052998,0.239875,0.128992
1825,2,0.075444,0.126987,0.152385
1826,2,0.072004,0.288911,0.098832
1827,2,0.086797,0.243550,0.125340
1828,2,0.139323,0.168379,0.080006
1829,2,0.087883,0.213155,0.083519
1830,2,0.065590,0.367830,0.143293
1831,2,0.113482,0.190610,0.166933
1832,2,0.084988,0.176014,0.140409
1833,2,0.093098,0.170856,0.167410
1834,2,0.076923,0.214325,0.064719
1835,2,0.079975,0.161161,0.113174
1836,2,0.071284,0.068361,0.063751
1837,2,0.052929,0.323370,0.110575
1838,2,0.089075,0.299648,0.073514
1839,2,0.087902,0.227652,0.161674
1840,2,0.106097,0.054998,0.109928
1841,2,0.087146,0.093928,0.102285
1842,2,0.062312,0.349627,0.084136
1843,2,0.087152,0.339183,0.089832
1844,2,0.072191,0.173891,0.159704
1845,2,0.075234,0.176580,0.099277
1846,2,0.084662,0.126553,0.079512
1847,2,0.079855,0.093045,0.073657
1848,2,0.070300,0.186496,0.056690
1849,2,0.075684,0.163309,0.116008
1850,2,0.081951,0.084196,0.179392
1851,2,0.065598,0.261371,0.062750
1852,2,0.071796,0.318079,0.111793
1853,2,0.059757,0.214602,0.117297
1854,2,0.081161,0.163451,0.099976
1855,2,0.097887,0.359050,0.183963
1856,2,0.076939,0.079324,0.072371
1857,2,0.086089,0.213344,0.151646
1858,2,0.086594,0.125971,0.064883
1859,2,0.060159,0.300754,0.086083
1860,2,0.074308,0.407505,0.101078
1861,2,0.095629,0.082270,0.118043
1862,2,0.077950,0.167560,0.130024
1863,2,0.082690,0.169048,0.098881
1864,2,0.092065,0.257909,0.123139
1865,2,0.100013,0.359095,0.125378
1866,2,0.075984,0.247927,0.118349
1867,2,0.089558,0.499072,0.141893
1868,2,0.079290,0.205371,0.101800
1869,2,0.072470,0.125424,0.090568
1870,2,0.082753,0.138847,0.066726
1871,2,0.072616,0.087979,0.072938
1872,2,0.067622,0.283173,0.088972
1873,2,0.090247,0.261187,0.174946
1874,2,0.089672,0.111662,0.121551
1875,2,0.083305,0.157279,0.125214
1876,2,0.105521,0.370644,0.249076
1877,2,0.069915,0.247350,0.113943
1878,2,0.074221,0.168209,0.105262
1879,2,0.080976,0.237072,0.120453
1880,2,0.067215,0.291851,0.091272
1881,2,0.070682,0.091308,0.143835
1882,2,0.072028,0.160061,0.151528
1883,2,0.065575,0.346707,0.076220
1884,2,0.094947,0.229569,0.155674
1885,2,0.094290,0.265942,0.113793
1886,2,0.086950,0.113128,0.082980
1887,2,0.099137,0.102830,0.144083
1888,2,0.089824,0.174761,0.111053
1889,2,0.083235,0.258674,0.105423
1890,2,0.080040,0.189095,0.117082
1891,2,0.080390,0.113702,0.149576
1892,2,0.069936,0.289604,0.091822
1893,2,0.080697,0.164623,0.103897
1894,2,0.067755,0.177666,0.189400
1895,2,0.082198,0.278884,0.140171
1896,2,0.071845,0.244003,0.082809
1897,2,0.090105,0.114623,0.161359
1898,2,0.056021,0.113028,0.067142
1899,2,0.088196,0.376616,0.109425
1900,2,0.069027,0.210680,0.077339
1901,2,0.073854,0.290546,0.159312
1902,2,0.077756,0.187646,0.081678
1903,2,0.078135,0.239327,0.061936
1904,2,0.084600,0.271793,0.182778
1905,2,0.069989,0.085842,0.066523
1906,2,0.062519,0.244338,0.089934
1907,2,0.070710,0.425502,0.152840
1908,2,0.074713,0.203131,0.087526
1909,2,0.078887,0.123938,0.076744
1910,2,0.100863,0.077206,0.247114
1911,2,0.095916,0.242115,0.179173
1912,2,0.086685,0.167592,0.082901
1913,2,0.070992,0.136383,0.087096
1914,2,0.079250,0.204368,0.091197
1915,2,0.078293,0.255393,0.189002
1916,2,0.083723,0.197065,0.069707
1917,2,0.069638,0.317693,0.115415
1918,2,0.077444,0.095338,0.046396
1919,2,0.060534,0.155294,0.086644
1920,2,0.072638,0.221932,0.047925
1921,2,0.090001,0.146351,0.190791
1922,2,0.059806,0.155409,0.046994
1923,2,0.070104,0.311095,0.102875
1924,2,0.085482,0.075007,0.052665
1925,2,0.081197,0.245871,0.066732
1926,2,0.085559,0.096235,0.114047
1927,2,0.065913,0.084464,0.122209
1928,2,0.085968,0.192156,0.061058
1929,2,0.076500,0.229997,0.108516
1930,2,0.053267,0.060479,0.065200
1931,2,0.097086,0.139782,0.106884
1932,2,0.080012,0.236458,0.182948
1933,2,0.068837,0.080298,0.048003
1934,2,0.058509,0.159558,0.141453
1935,2,0.058865,0.260545,0.088459
1936,2,0.066173,0.092792,0.049801
1937,2,0.072999,0.200101,0.115308
1938,2,0.093839,0.143003,0.105817
1939,2,0.106521,0.224009,0.169511
1940,2,0.083818,0.246614,0.121731
1941,2,0.078062,0.080135,0.064323
1942,2,0.085264,0.157650,0.148805
1943,2,0.051667,0.273313,0.123059
1944,2,0.083575,0.352715,0.080275
1945,2,0.081094,0.265547,0.072918
1946,2,0.089738,0.267203,0.147267
1947,2,0.066618,0.272708,0.060952
1948,2,0.081348,0.031108,0.069459
1949,2,0.076562,0.203312,0.081212
1950,2,0.065570,0.109497,0.071681
1951,2,0.068520,0.303686,0.085442
1952,2,0.078768,0.229539,0.073369
1953,2,0.104650,0.282775,0.204770
1954,2,0.084719,0.138569,0.147440
1955,2,0.070770,0.342107,0.070195
1956,2,0.078673,0.120084,0.057028
1957,2,0.085799,0.153053,0.109355
1958,2,0.088075,0.181779,0.098384
1959,2,0.073926,0.198047,0.162520
1960,2,0.086192,0.096333,0.087975
1961,2,0.069325,0.190015,0.089572
1962,2,0.072151,0.091278,0.137556
1963,2,0.079251,0.356207,0.091480
1964,2,0.089706,0.050288,0.062863
1965,2,0.077433,0.122255,0.117114
1966,2,0.103381,0.091686,0.206383
1967,2,0.063623,0.244888,0.106720
1968,2,0.104095,0.291188,0.138871
1969,2,0.071374,0.132010,0.120395
1970,2,0.074041,0.143359,0.098237
1971,2,0.083577,0.195952,0.158659
1972,2,0.079917,0.150228,0.103943
1973,2,0.075984,0.204043,0.173450
1974,2,0.072583,0.188379,0.076955
1975,2,0.063805,0.208932,0.067672
1976,2,0.078563,0.235952,0.176630
1977,2,0.070705,0.338877,0.112380
1978,2,0.080334,0.089236,0.203408
1979,2,0.065273,0.177418,0.054705
1980,2,0.076118,0.164119,0.100413
1981,2,0.079850,0.345538,0.092619
1982,2,0.086796,0.279670,0.121559
1983,2,0.077511,0.253777,0.163308
1984,2,0.093749,0.176805,0.150268
1985,2,0.077336,0.035371,0.081552
1986,2,0.113834,0.232814,0.155241
1987,2,0.072550,0.130934,0.139915
1988,2,0.062065,0.171753,0.163129
1989,2,0.071759,0.213711,0.115653
1990,2,0.063121,0.246486,0.099877
1991,2,0.087664,0.223069,0.219014
1992,2,0.061643,0.240757,0.087332
1993,2,0.068668,0.291014,0.082322
1994,2,0.077222,0.113692,0.122140
1995,2,0.073203,0.116234,0.080537
1996,2,0.086117,0.414464,0.129883
1997,2,0.077518,0.134528,0.082096
1998,2,0.080669,0.344405,0.122823
1999,2,0.063428,0.282579,0.071611
2000,2,0.087340,0.201741,0.104829
2001,2,0.087620,0.304213,0.081860
2002,2,0.058657,0.153360,0.134590
2003,2,0.053855,0.130633,0.084229
2004,2,0.063340,0.254246,0.112780
2005,2,0.079223,0.292963,0.135347
2006,2,0.070986,0.241835,0.098089
2007,2,0.075797,0.159302,0.099336
2008,2,0.093898,0.346597,0.167880
2009,2,0.068317,0.085399,0.089803
2010,2,0.058485,0.243806,0.133009
2011,2,0.079020,0.119965,0.175828
2012,2,0.069911,0.076941,0.082057
2013,2,0.075749,0.172137,0.097374
2014,2,0.075011,0.199277,0.183732
2015,2,0.069173,0.113062,0.106882
2016,2,0.064054,0.267270,0.099720
2017,2,0.086994,0.162113,0.070547
2018,2,0.062833,0.226588,0.118211
2019,2,0.078913,0.275280,0.064147
2020,2,0.099571,0.086517,0.257474
2021,2,0.089504,0.103292,0.120515
2022,2,0.080616,0.140817,0.076943
2023,2,0.079381,0.174351,0.094334
2024,2,0.089677,0.204177,0.066726
2025,2,0.068625,0.064324,0.131597
2026,2,0.080920,0.221429,0.084337
2027,2,0.061161,0.120157,0.075114
2028,2,0.089253,0.120128,0.211033
2029,2,0.074888,0.258376,0.098461
2030,2,0.079430,0.279482,0.169044
2031,2,0.068694,0.235618,0.088527
2032,2,0.082762,0.163838,0.175892
2033,2,0.081586,0.439439,0.116102
2034,2,0.078200,0.202377,0.094191
2035,2,0.089221,0.153773,0.163801
2036,2,0.073753,0.198773,0.103279
2037,2,0.094502,0.262958,0.084423
2038,2,0.080777,0.113426,0.059966
2039,2,0.083170,0.216492,0.087298
2040,2,0.095731,0.296272,0.185241
2041,2,0.076412,0.055240,0.120971
2042,2,0.073778,0.288444,0.038929
2043,2,0.067061,0.173765,0.084785
2044,2,0.093713,0.273781,0.101218
2045,2,0.059314,0.398653,0.109009
2046,2,0.079838,0.182709,0.101828
2047,2,0.071044,0.248775,0.152555
2048,2,0.085611,0.076934,0.090227
2049,2,0.090831,0.155048,0.045462
2050,2,0.065924,0.074947,0.085500
2051,2,0.067569,0.132378,0.124303
2052,2,0.093429,0.178051,0.039896
2053,2,0.071057,0.214129,0.153282
2054,2,0.082005,0.189381,0.073558
2055,2,0.055294,0.096149,0.083179
2056,2,0.077248,0.295386,0.083650
2057,2,0.066614,0.122932,0.134347
2058,2,0.058392,0.234206,0.086817
2059,2,0.079488,0.313359,0.139486
2060,2,0.073180,0.112072,0.022433
2061,2,0.067399,0.155537,0.119919
2062,2,0.069536,0.109529,0.124522
2063,2,0.073458,0.050768,0.120997
2064,2,0.067915,0.107487,0.111228
2065,2,0.069067,0.063554,0.089079
2066,2,0.073304,0.235606,0.090263
2067,2,0.086851,0.237476,0.077894
2068,2,0.077803,0.321488,0.135189
2069,2,0.079122,0.221755,0.206146
2070,2,0.079831,0.210755,0.157033
2071,2,0.089561,0.402579,0.141011
2072,2,0.100891,0.356542,0.140973
2073,2,0.065921,0.084203,0.091805
2074,2,0.059160,0.338380,0.086736
2075,2,0.067323,0.218632,0.129748
2076,2,0.076141,0.143999,0.114932
2077,2,0.072956,0.281585,0.105133
2078,2,0.080319,0.232518,0.047819
2079,2,0.082835,0.127219,0.120041
2080,2,0.054689,0.124721,0.060065
2081,2,0.075907,0.114161,0.154272
2082,2,0.071251,0.090215,0.068488
2083,2,0.056087,0.205941,0.042798
2084,2,0.087761,0.210536,0.102478
2085,2,0.076546,0.104833,0.121416
2086,2,0.078703,0.152010,0.098552
2087,2,0.073748,0.092466,0.109824
2088,2,0.075344,0.062919,0.119498
2089,2,0.075228,0.075528,0.117180
2090,2,0.099488,0.098598,0.199290
2091,2,0.066658,0.162494,0.085397
2092,2,0.077747,0.378974,0.087977
2093,2,0.065642,0.104950,0.079022
2094,2,0.064978,0.094242,0.074726
2095,2,0.089601,0.167152,0.140467
2096,2,0.070189,0.098545,0.080678
2097,2,0.067999,0.045993,0.223756
2098,2,0.119061,0.203945,0.208097
2099,2,0.078814,0.064807,0.078027
2100,2,0.084669,0.142479,0.122718
2101,2,0.074201,0.036355,0.072511
2102,2,0.101653,0.190649,0.144065
2103,2,0.080271,0.311033,0.147894
2104,2,0.080930,0.130256,0.167956
2105,2,0.070493,0.196063,0.085370
2106,2,0.073969,0.131067,0.091155
2107,2,0.073026,0.108066,0.064891
2108,2,0.068153,0.162065,0.069698
2109,2,0.073481,0.119151,0.095007
2110,2,0.064508,0.234881,0.070436
2111,2,0.072090,0.259507,0.170264
2112,2,0.075742,0.237270,0.095721
2113,2,0.067970,0.187123,0.108435
2114,2,0.090171,0.130834,0.212703
2115,2,0.071206,0.128710,0.141082
2116,2,0.077673,0.278630,0.028428
2117,2,0.065586,0.280609,0.032555
2118,2,0.100131,0.452232,0.215072
2119,2,0.074890,0.270008,0.123105
2120,2,0.080217,0.180619,0.106681
2121,2,0.084779,0.167818,0.180654
2122,2,0.056279,0.222372,0.101245
2123,2,0.081010,0.147563,0.179498
2124,2,0.065259,0.116086,0.088544
2125,2,0.094535,0.227710,0.101377
2126,2,0.105071,0.294313,0.142383
2127,2,0.076020,0.192776,0.118704
2128,2,0.108330,0.189400,0.152789
2129,2,0.073488,0.119077,0.161390
2130,2,0.075760,0.178676,0.116307
2131,2,0.077154,0.287410,0.135346
2132,2,0.058277,0.185605,0.071355
2133,2,0.084050,0.018806,0.093332
2134,2,0.096805,0.151125,0.087273
2135,2,0.072681,0.200881,0.148246
2136,2,0.061249,0.121848,0.066230
2137,2,0.087007,0.202067,0.155728
2138,2,0.067479,0.164571,0.072772
2139,2,0.072678,0.143286,0.083421
2140,2,0.078119,0.222185,0.144807
2141,2,0.085408,0.161564,0.111902
2142,2,0.064895,0.225686,0.051787
2143,2,0.084707,0.287905,0.058304
2144,2,0.077926,0.138093,0.105446
2145,2,0.067445,0.214602,0.128261
2146,2,0.094761,0.228748,0.091674
2147,2,0.070173,0.178284,0.122028
2148,2,0.056059,0.382494,0.097124
2149,2,0.074187,0.134136,0.166258
2150,2,0.076643,0.082845,0.260324
2151,2,0.067925,0.071216,0.107025
2152,2,0.068108,0.234454,0.050957
2153,2,0.084281,0.068107,0.121608
2154,2,0.063299,0.167015,0.084394
2155,2,0.074130,0.132053,0.091142
2156,2,0.081412,0.219175,0.077169
2157,2,0.066227,0.251556,0.185908
2158,2,0.073033,0.102559,0.099454
2159,2,0.080556,0.152023,0.112405
2160,2,0.082737,0.150405,0.158112
2161,2,0.070085,0.217949,0.095183
2162,2,0.093540,0.128412,0.231242
2163,2,0.075232,0.220162,0.162598
2164,2,0.116388,0.195615,0.179809
2165,2,0.130749,0.176634,0.124664
2166,2,0.079114,0.192725,0.117962
2167,2,0.063671,0.082996,0.160996
2168,2,0.076742,0.336029,0.135295
2169,2,0.077907,0.306656,0.053588
2170,2,0.091382,0.073105,0.160452
2171,2,0.070950,0.177574,0.105903
2172,2,0.089344,0.203475,0.160063
2173,2,0.084198,0.139134,0.109034
2174,2,0.060069,0.221172,0.157154
2175,2,0.094863,0.202046,0.145244
2176,2,0.060110,0.181796,0.064297
2177,2,0.099491,0.248982,0.209487
2178,2,0.072343,0.160395,0.187784
2179,2,0.078915,0.150056,0.132789
2180,2,0.108397,0.234030,0.139941
2181,2,0.082227,0.181294,0.122779
2182,2,0.062141,0.043748,0.074594
2183,2,0.068441,0.112847,0.138833
2184,2,0.079115,0.118664,0.137123
2185,2,0.077621,0.185892,0.094427
2186,2,0.086541,0.230313,0.096221
2187,2,0.069290,0.062593,0.040857
2188,2,0.083804,0.115087,0.090817
2189,2,0.085009,0.176624,0.148773
2190,2,0.093810,0.390733,0.140975
2191,2,0.068896,0.131522,0.059991
2192,2,0.072912,0.112179,0.087110
2193,2,0.081310,0.351457,0.100762
2194,2,0.068826,0.049389,0.109145
2195,2,0.092236,0.163619,0.128038
2196,2,0.080709,0.243937,0.144410
2197,2,0.111561,0.121120,0.149001
2198,2,0.081793,0.235808,0.148343
2199,2,0.056575,0.088846,0.131573
2200,2,0.100749,0.257260,0.219342
2201,2,0.077604,0.178931,0.086279
2202,2,0.074869,0.213230,0.194822
2203,2,0.074165,0.165602,0.058599
2204,2,0.072194,0.303362,0.061531
2205,2,0.082512,0.201927,0.107980
2206,2,0.088952,0.300083,0.171210
2207,2,0.094258,0.119573,0.101826
2208,2,0.069092,0.273693,0.097179
2209,2,0.073945,0.036901,0.061218
2210,2,0.073298,0.142202,0.149731
2211,2,0.066225,0.387570,0.068098
2212,2,0.091149,0.389906,0.163938
2213,2,0.069270,0.118444,0.054837
2214,2,0.134287,0.269168,0.161381
2215,2,0.060263,0.223600,0.098869
2216,2,0.071121,0.206980,0.037308
2217,2,0.084776,0.058492,0.119474
2218,2,0.055182,0.128522,0.061574
2219,2,0.078749,0.127403,0.148372
2220,2,0.050144,0.153035,0.104195
2221,2,0.106659,0.180438,0.072274
2222,2,0.063238,0.234103,0.065384
2223,2,0.069790,0.207177,0.186058
2224,2,0.072050,0.125658,0.121069
2225,2,0.056579,0.157489,0.068418
2226,2,0.071773,0.293027,0.082759
2227,2,0.072753,0.107704,0.058010
2228,2,0.079010,0.029545,0.085781
2229,2,0.083925,0.265829,0.101745
2230,2,0.076978,0.275603,0.102675
2231,2,0.055816,0.163369,0.074143
2232,2,0.075156,0.187171,0.120871
2233,2,0.087161,0.094326,0.105761
2234,2,0.094603,0.112885,0.119947
2235,2,0.070753,0.133395,0.171237
2236,2,0.069461,0.174097,0.187253
2237,2,0.063750,0.111427,0.090900
2238,2,0.073764,0.145335,0.195597
2239,2,0.061932,0.115802,0.077672
2240,2,0.088893,0.117811,0.187701
2241,2,0.091927,0.147409,0.162143
2242,2,0.090648,0.144839,0.082802
2243,2,0.079023,0.246874,0.122336
2244,2,0.071929,0.165389,0.179927
2245,2,0.071152,0.120365,0.109662
2246,2,0.091369,0.449883,0.081602
2247,2,0.069360,0.197091,0.068603
2248,2,0.089352,0.163903,0.101494
2249,2,0.088448,0.281821,0.266736
2250,2,0.061881,0.162647,0.082452
2251,2,0.069723,0.153203,0.114233
2252,2,0.064688,0.202881,0.083763
2253,2,0.081038,0.098031,0.093963
2254,2,0.064305,0.100407,0.064319
2255,2,0.094551,0.231436,0.163825
2256,2,0.072878,0.189689,0.119081
2257,2,0.092786,0.278940,0.138912
2258,2,0.085964,0.111675,0.140618
2259,2,0.065723,0.105068,0.134431
2260,2,0.094259,0.048359,0.111014
2261,2,0.064006,0.313534,0.074116
2262,2,0.119026,0.274603,0.154736
2263,2,0.077322,0.371344,0.126775
2264,2,0.054853,0.139349,0.104997
2265,2,0.063842,0.074176,0.132829
2266,2,0.055896,0.111437,0.094153
2267,2,0.066139,0.100780,0.081885
2268,2,0.081616,0.150551,0.082153
2269,2,0.074095,0.250921,0.153850
2270,2,0.074884,0.200084,0.060954
2271,2,0.074499,0.088915,0.069465
2272,2,0.081025,0.090212,0.146642
2273,2,0.064810,0.048910,0.097583
2274,2,0.062179,0.248809,0.118530
2275,2,0.072516,0.065920,0.084173
2276,2,0.067368,0.132602,0.101930
2277,2,0.067932,0.137332,0.057822
2278,2,0.084892,0.197679,0.128622
2279,2,0.071357,0.099447,0.101007
2280,2,0.090815,0.162694,0.123498
2281,2,0.097420,0.218514,0.155789
2282,2,0.092530,0.158549,0.109297
2283,2,0.069135,0.116834,0.110093
2284,2,0.075944,0.122031,0.092188
2285,2,0.076772,0.173088,0.084899
2286,2,0.089895,0.278509,0.077241
2287,2,0.048267,0.274799,0.116869
2288,2,0.098888,0.185183,0.167193
2289,2,0.083162,0.249481,0.174247
2290,2,0.086828,0.184314,0.104689
2291,2,0.075154,0.078850,0.120256
2292,2,0.088859,0.286065,0.121135
2293,2,0.077370,0.272550,0.070840
2294,2,0.083569,0.219362,0.124153
2295,2,0.080764,0.139232,0.154695
2296,2,0.075573,0.133281,0.077171
2297,2,0.074364,0.126888,0.112747
2298,2,0.061241,0.118967,0.077822
2299,2,0.084283,0.072602,0.155098
2300,2,0.102037,0.289535,0.198350
2301,2,0.059782,0.147135,0.082627
2302,2,0.082420,0.262578,0.060493
2303,2,0.085643,0.097023,0.130451
2304,2,0.073997,0.201575,0.080699
2305,2,0.083042,0.239747,0.164738
2306,2,0.092882,0.089791,0.071785
2307,2,0.092616,0.181992,0.162667
2308,2,0.101309,0.131724,0.194782
2309,2,0.075728,0.136101,0.198239
2310,2,0.069023,0.125347,0.107585
2311,2,0.064814,0.336607,0.137370
2312,2,0.075497,0.208775,0.057654
2313,2,0.072882,0.153493,0.198484
2314,2,0.075066,0.166970,0.101860
2315,2,0.069276,0.136739,0.106251
2316,2,0.091783,0.229547,0.153210
2317,2,0.075675,0.128482,0.120601
2318,2,0.061995,0.076416,0.071000
2319,2,0.104909,0.297335,0.158948
2320,2,0.048891,0.204529,0.131941
2321,2,0.062757,0.236734,0.067539
2322,2,0.062883,0.121618,0.099467
2323,2,0.071596,0.097289,0.097893
2324,2,0.075953,0.148823,0.084408
2325,2,0.080776,0.243732,0.077962
2326,2,0.091740,0.179335,0.157853
2327,2,0.083113,0.273502,0.103511
2328,2,0.067955,0.120281,0.133127
2329,2,0.061800,0.208623,0.080719
2330,2,0.083427,0.143149,0.123186
2331,2,0.080832,0.046514,0.084193
2332,2,0.075884,0.113502,0.134682
2333,2,0.076606,0.230464,0.080153
2334,2,0.069615,0.319561,0.120560
2335,2,0.081519,0.155515,0.143210
2336,2,0.091975,0.501052,0.094484
2337,2,0.064930,0.109638,0.111340
2338,2,0.070294,0.245823,0.087824
2339,2,0.076113,0.187150,0.165291
2340,2,0.080178,0.099762,0.064888
2341,2,0.087165,0.130035,0.094182
2342,2,0.070958,0.267711,0.091010
2343,2,0.061885,0.255755,0.073944
2344,2,0.068209,0.276110,0.116893
2345,2,0.070424,0.188049,0.116330
2346,2,0.072764,0.272385,0.145176
2347,2,0.049935,0.145698,0.100911
2348,2,0.082241,0.318112,0.132411
2349,2,0.056211,0.174015,0.056322
2350,2,0.073826,0.135627,0.092335
2351,2,0.063851,0.229130,0.078290
2352,2,0.075588,0.309514,0.122474
2353,2,0.091800,0.351878,0.087864
2354,2,0.063354,0.038891,0.067564
2355,2,0.091904,0.207132,0.087552
2356,2,0.054187,0.207121,0.132074
2357,2,0.072794,0.297614,0.062354
2358,2,0.096470,0.191075,0.179594
2359,2,0.059148,0.183864,0.098466
2360,2,0.078535,0.207254,0.080983
2361,2,0.083574,0.259259,0.136909
2362,2,0.069522,0.098431,0.126418
2363,2,0.082262,0.151995,0.145162
2364,2,0.074868,0.092108,0.122013
2365,2,0.083480,0.283134,0.052543
2366,2,0.066709,0.207645,0.071777
2367,2,0.079874,0.169260,0.114439
2368,2,0.077205,0.231022,0.075334
2369,2,0.081952,0.290080,0.142864
2370,2,0.073759,0.145810,0.054796
2371,2,0.083357,0.240654,0.188630
2372,2,0.102998,0.470627,0.045780
2373,2,0.087610,0.121005,0.100432
2374,2,0.075127,0.162287,0.132564
2375,2,0.068474,0.147704,0.086603
2376,2,0.094388,0.097064,0.084227
2377,2,0.070618,0.162620,0.079970
2378,2,0.062561,0.332716,0.127857
2379,2,0.085177,0.181833,0.143075
2380,2,0.063026,0.179555,0.068984
2381,2,0.089340,0.080434,0.158467
2382,2,0.070354,0.215835,0.046580
2383,2,0.132777,0.277228,0.150749
2384,2,0.081828,0.129916,0.138143
2385,2,0.102624,0.213236,0.149577
2386,2,0.066681,0.143503,0.060239
2387,2,0.088736,0.134274,0.111926
2388,2,0.069608,0.097531,0.092007
2389,2,0.072710,0.143576,0.118632
2390,2,0.076628,0.129308,0.086825
2391,2,0.077511,0.373489,0.131513
2392,2,0.077505,0.130386,0.136807
2393,2,0.077030,0.224689,0.119217
2394,2,0.098362,0.306877,0.072417
2395,2,0.063327,0.225379,0.054937
2396,2,0.083280,0.312851,0.104827
2397,2,0.077819,0.076621,0.117540
2398,2,0.054757,0.083235,0.105573
2399,2,0.076949,0.182389,0.199179
2400,2,0.046872,0.219083,0.091717
2401,2,0.067435,0.081002,0.161294
2402,2,0.069074,0.176874,0.123114
2403,2,0.075739,0.181315,0.087531
2404,2,0.063544,0.191297,0.067653
2405,2,0.077812,0.144967,0.086524
2406,2,0.064956,0.117115,0.035144
2407,2,0.063736,0.073935,0.077283
2408,2,0.064059,0.152139,0.066549
2409,2,0.072467,0.098215,0.105340
2410,2,0.116258,0.118648,0.208664
2411,2,0.095375,0.204104,0.072792
2412,2,0.080275,0.127596,0.108595
2413,2,0.062167,0.071077,0.067219
2414,2,0.079886,0.114875,0.103129
2415,2,0.070300,0.263096,0.129710
2416,2,0.064276,0.228584,0.031110
2417,2,0.074279,0.119225,0.060521
2418,2,0.080644,0.186111,0.087855
2419,2,0.105347,0.114392,0.165137
2420,2,0.074845,0.137654,0.143534
2421,2,0.057749,0.077183,0.108111
2422,2,0.073092,0.071905,0.056027
2423,2,0.078891,0.157963,0.169447
2424,2,0.061580,0.061411,0.089838
2425,2,0.070344,0.147736,0.106625
2426,2,0.086132,0.129384,0.168266
2427,2,0.078058,0.304371,0.122290
2428,2,0.056399,0.130977,0.106923
2429,2,0.088137,0.423142,0.139703
2430,2,0.065979,0.099692,0.053524
2431,2,0.070036,0.101756,0.071653
2432,2,0.084776,0.283316,0.128413
2433,2,0.082028,0.277927,0.162925
2434,2,0.076160,0.121704,0.090322
2435,2,0.077251,0.255222,0.129551
2436,2,0.079808,0.137395,0.112915
2437,2,0.079200,0.051765,0.090510
2438,2,0.066972,0.202526,0.092848
2439,2,0.102258,0.207142,0.152775
2440,2,0.078008,0.169253,0.125429
2441,2,0.079739,0.190011,0.188027
2442,2,0.069811,0.141880,0.054840
2443,2,0.078082,0.118244,0.075353
2444,2,0.072833,0.198306,0.030774
2445,2,0.061223,0.106746,0.172114
2446,2,0.083190,0.180748,0.220827
2447,2,0.078332,0.197335,0.078989
2448,2,0.076816,0.110831,0.060335
2449,2,0.084943,0.279823,0.097070
2450,2,0.070792,0.120313,0.094385
2451,2,0.064948,0.148260,0.058524
2452,2,0.071941,0.125434,0.058619
2453,2,0.080929,0.288777,0.107801
2454,2,0.079371,0.136257,0.139815
2455,2,0.075144,0.107214,0.129975
2456,2,0.048117,0.173923,0.105974
2457,2,0.068035,0.208165,0.174235
2458,2,0.067965,0.248982,0.164511
2459,2,0.081379,0.222704,0.058134
2460,2,0.062988,0.211351,0.125464
2461,2,0.075530,0.062002,0.079014
2462,2,0.055068,0.226556,0.068099
2463,2,0.083113,0.131898,0.065812
2464,2,0.057053,0.175604,0.069984
2465,2,0.075798,0.190237,0.041662
2466,2,0.073374,0.173715,0.094303
2467,2,0.064111,0.087524,0.133029
2468,2,0.089841,0.143674,0.131569
2469,2,0.065657,0.189913,0.064577
2470,2,0.065218,0.113496,0.081171
2471,2,0.046610,0.169798,0.085852
2472,2,0.074054,0.199233,0.193115
2473,2,0.105647,0.282853,0.161203
2474,2,0.067435,0.147823,0.064810
2475,2,0.070691,0.332744,0.091938
2476,2,0.071004,0.156507,0.067301
2477,2,0.075358,0.106971,0.055357
2478,2,0.047537,0.176811,0.063993
2479,2,0.077549,0.193201,0.184693
2480,2,0.080087,0.112535,0.182406
2481,2,0.070064,0.144663,0.065551
2482,2,0.066215,0.120279,0.093044
2483,2,0.088903,0.168164,0.220589
2484,2,0.053978,0.228724,0.058235
2485,2,0.077319,0.046597,0.118842
2486,2,0.065954,0.129051,0.086999
2487,2,0.073165,0.164957,0.112796
2488,2,0.073263,0.069380,0.098771
2489,2,0.081490,0.426701,0.168818
2490,2,0.069293,0.220173,0.092032
2491,2,0.095440,0.266171,0.187868
2492,2,0.092608,0.172132,0.114616
2493,2,0.068803,0.131628,0.079503
2494,2,0.074127,0.227038,0.134547
2495,2,0.071912,0.208607,0.085056
2496,2,0.070269,0.186810,0.127929
2497,2,0.093337,0.086176,0.109240
2498,2,0.079049,0.173322,0.060823
2499,2,0.082310,0.110579,0.207517
2500,2,0.074989,0.156969,0.097358
2501,2,0.095094,0.180892,0.124576
2502,2,0.063605,0.061392,0.083788
2503,2,0.065599,0.170679,0.081506
2504,2,0.090403,0.228007,0.180868
2505,2,0.078841,0.138612,0.114424
2506,2,0.082493,0.044890,0.141941
2507,2,0.065749,0.353210,0.043708
2508,2,0.080904,0.201314,0.119657
2509,2,0.097653,0.119941,0.209702
2510,2,0.074534,0.039325,0.137694
2511,2,0.077560,0.216608,0.126224
2512,2,0.079175,0.117661,0.149620
2513,2,0.073074,0.091025,0.055660
